epoch,variant,method,score_mode,g_first_weight,success_count,success_rate,success_rate_percent,checkpoint_epoch,checkpoint_global_step,checkpoint_sha256,training_manifest_sha256,evaluation_commit,source_scope,source_status,cell_id
3,c,actor_free_td_lewm_v2_ema_sg_c,f_plus_g_first,0.25,17,0.34,34.0,3,38388,e1a268026b433d5296e34479c269fb464defe8df106690c9dfa859b3fcc05220,85f830c8da0dbcf8c4d95429181680a79f5d9ef19044f1bfc98cbfb923d5b906,5456f3d18116812d078d4ec2e85ba1f83d89c7c7,strict_epoch3,SUCCEEDED,v2_ema_e03_c_f_plus_g_first_alpha_0p25
3,c,actor_free_td_lewm_v2_ema_sg_c,g_only_f_rollout_mean,,21,0.42,42.0,3,38388,e1a268026b433d5296e34479c269fb464defe8df106690c9dfa859b3fcc05220,85f830c8da0dbcf8c4d95429181680a79f5d9ef19044f1bfc98cbfb923d5b906,5456f3d18116812d078d4ec2e85ba1f83d89c7c7,strict_epoch3,SUCCEEDED,v2_ema_e03_c_g_only_f_rollout_mean
3,d,actor_free_td_lewm_v2_ema_sg_d,f_plus_g_first,0.25,22,0.44,44.0,3,38388,1e583a28f27a36381ee2916cedfce11b0c8a16e28bc4674c96e021eb07529d12,d00ce602e3ad2aa4c764a04d864b7888b50ce794b4c06b138471b61afc16df1e,5456f3d18116812d078d4ec2e85ba1f83d89c7c7,strict_epoch3,SUCCEEDED,v2_ema_e03_d_f_plus_g_first_alpha_0p25
3,d,actor_free_td_lewm_v2_ema_sg_d,g_only_f_rollout_mean,,19,0.38,38.0,3,38388,1e583a28f27a36381ee2916cedfce11b0c8a16e28bc4674c96e021eb07529d12,d00ce602e3ad2aa4c764a04d864b7888b50ce794b4c06b138471b61afc16df1e,5456f3d18116812d078d4ec2e85ba1f83d89c7c7,strict_epoch3,SUCCEEDED,v2_ema_e03_d_g_only_f_rollout_mean
3,f,actor_free_td_lewm_v2_ema_sg_f,f_plus_g_first,0.25,20,0.4,40.0,3,38388,b1126d0a321ef2c73323974e3e4e7d2c49db7cb3a75c7686380f6c105e3f3360,b7b0c347ad46f129ec4deb2a569297f04e065f8cc7c93cbec8bd3ac6fac3c0c4,5456f3d18116812d078d4ec2e85ba1f83d89c7c7,strict_epoch3,SUCCEEDED,v2_ema_e03_f_f_plus_g_first_alpha_0p25
3,f,actor_free_td_lewm_v2_ema_sg_f,g_only_f_rollout_mean,,24,0.48,48.0,3,38388,b1126d0a321ef2c73323974e3e4e7d2c49db7cb3a75c7686380f6c105e3f3360,b7b0c347ad46f129ec4deb2a569297f04e065f8cc7c93cbec8bd3ac6fac3c0c4,5456f3d18116812d078d4ec2e85ba1f83d89c7c7,strict_epoch3,SUCCEEDED,v2_ema_e03_f_g_only_f_rollout_mean
3,g1,actor_free_td_lewm_v2_ema_sg_g1,f_plus_g_first,0.25,18,0.36,36.0,3,38388,281d6dbfeb2d28ac8e5ab2b99451b7793402076137d9b4c75c85ec240429ce97,03a89ab793d18f269755252de46103388376fb8aff0e985c4940ff3cfb5c8785,5456f3d18116812d078d4ec2e85ba1f83d89c7c7,strict_epoch3,SUCCEEDED,v2_ema_e03_g1_f_plus_g_first_alpha_0p25
3,g1,actor_free_td_lewm_v2_ema_sg_g1,g_only_f_rollout_mean,,18,0.36,36.0,3,38388,281d6dbfeb2d28ac8e5ab2b99451b7793402076137d9b4c75c85ec240429ce97,03a89ab793d18f269755252de46103388376fb8aff0e985c4940ff3cfb5c8785,5456f3d18116812d078d4ec2e85ba1f83d89c7c7,strict_epoch3,SUCCEEDED,v2_ema_e03_g1_g_only_f_rollout_mean
3,g2,actor_free_td_lewm_v2_ema_sg_g2,f_plus_g_first,0.25,21,0.42,42.0,3,38388,93baf839f87d88275913d2e5050034b4cbcf3f74752cd6a418e5495f74781800,5fc1b204e7250ccfcbfda8f0bb2e184be5d9cffe89f16561f2c1d4bea52bf50e,5456f3d18116812d078d4ec2e85ba1f83d89c7c7,strict_epoch3,SUCCEEDED,v2_ema_e03_g2_f_plus_g_first_alpha_0p25
3,g2,actor_free_td_lewm_v2_ema_sg_g2,g_only_f_rollout_mean,,17,0.34,34.0,3,38388,93baf839f87d88275913d2e5050034b4cbcf3f74752cd6a418e5495f74781800,5fc1b204e7250ccfcbfda8f0bb2e184be5d9cffe89f16561f2c1d4bea52bf50e,5456f3d18116812d078d4ec2e85ba1f83d89c7c7,strict_epoch3,SUCCEEDED,v2_ema_e03_g2_g_only_f_rollout_mean
3,g3,actor_free_td_lewm_v2_ema_sg_g3,f_plus_g_first,0.25,23,0.46,46.0,3,38388,a0252849368f016ce67cfe1487ef6a05a6a024191ef0c1232f158d0df0de256a,b7352c0b8006e2247a1fb03472e13089f32f023728b4e63581bec8437f301d5a,5456f3d18116812d078d4ec2e85ba1f83d89c7c7,strict_epoch3,SUCCEEDED,v2_ema_e03_g3_f_plus_g_first_alpha_0p25
3,g3,actor_free_td_lewm_v2_ema_sg_g3,g_only_f_rollout_mean,,19,0.38,38.0,3,38388,a0252849368f016ce67cfe1487ef6a05a6a024191ef0c1232f158d0df0de256a,b7352c0b8006e2247a1fb03472e13089f32f023728b4e63581bec8437f301d5a,5456f3d18116812d078d4ec2e85ba1f83d89c7c7,strict_epoch3,SUCCEEDED,v2_ema_e03_g3_g_only_f_rollout_mean
4,c,actor_free_td_lewm_v2_ema_sg_c,f_plus_g_first,0.25,16,0.32,32.0,4,51184,5c0a6f6402799cb6f53075f5b5a67c165887df46b9b0f446d537614cdb73d5f5,85f830c8da0dbcf8c4d95429181680a79f5d9ef19044f1bfc98cbfb923d5b906,5456f3d18116812d078d4ec2e85ba1f83d89c7c7,original_epoch4_10,REUSED,v2_ema_e04_c_f_plus_g_first_alpha_0p25
4,c,actor_free_td_lewm_v2_ema_sg_c,g_only_f_rollout_mean,,20,0.4,40.0,4,51184,5c0a6f6402799cb6f53075f5b5a67c165887df46b9b0f446d537614cdb73d5f5,85f830c8da0dbcf8c4d95429181680a79f5d9ef19044f1bfc98cbfb923d5b906,5456f3d18116812d078d4ec2e85ba1f83d89c7c7,original_epoch4_10,REUSED,v2_ema_e04_c_g_only_f_rollout_mean
4,d,actor_free_td_lewm_v2_ema_sg_d,f_plus_g_first,0.25,18,0.36,36.0,4,51184,d973d6624642c6037d62ab3cc68f4407e3732258b7bc93ca8c33802b010f9522,d00ce602e3ad2aa4c764a04d864b7888b50ce794b4c06b138471b61afc16df1e,5456f3d18116812d078d4ec2e85ba1f83d89c7c7,original_epoch4_10,REUSED,v2_ema_e04_d_f_plus_g_first_alpha_0p25
4,d,actor_free_td_lewm_v2_ema_sg_d,g_only_f_rollout_mean,,23,0.46,46.0,4,51184,d973d6624642c6037d62ab3cc68f4407e3732258b7bc93ca8c33802b010f9522,d00ce602e3ad2aa4c764a04d864b7888b50ce794b4c06b138471b61afc16df1e,5456f3d18116812d078d4ec2e85ba1f83d89c7c7,original_epoch4_10,REUSED,v2_ema_e04_d_g_only_f_rollout_mean
4,f,actor_free_td_lewm_v2_ema_sg_f,f_plus_g_first,0.25,22,0.44,44.0,4,51184,8c6481a4e42fa46ff6d5f9126e08d7c2b975375fd1d07b386e9e69ef5bc21557,b7b0c347ad46f129ec4deb2a569297f04e065f8cc7c93cbec8bd3ac6fac3c0c4,5456f3d18116812d078d4ec2e85ba1f83d89c7c7,original_epoch4_10,REUSED,v2_ema_e04_f_f_plus_g_first_alpha_0p25
4,f,actor_free_td_lewm_v2_ema_sg_f,g_only_f_rollout_mean,,25,0.5,50.0,4,51184,8c6481a4e42fa46ff6d5f9126e08d7c2b975375fd1d07b386e9e69ef5bc21557,b7b0c347ad46f129ec4deb2a569297f04e065f8cc7c93cbec8bd3ac6fac3c0c4,5456f3d18116812d078d4ec2e85ba1f83d89c7c7,original_epoch4_10,REUSED,v2_ema_e04_f_g_only_f_rollout_mean
4,g1,actor_free_td_lewm_v2_ema_sg_g1,f_plus_g_first,0.25,15,0.3,30.0,4,51184,67ffa8ae819eef8ebb275d1e6514ffe0eff5880a2a0058106c26f2fa7d485a7c,03a89ab793d18f269755252de46103388376fb8aff0e985c4940ff3cfb5c8785,5456f3d18116812d078d4ec2e85ba1f83d89c7c7,original_epoch4_10,REUSED,v2_ema_e04_g1_f_plus_g_first_alpha_0p25
4,g1,actor_free_td_lewm_v2_ema_sg_g1,g_only_f_rollout_mean,,16,0.32,32.0,4,51184,67ffa8ae819eef8ebb275d1e6514ffe0eff5880a2a0058106c26f2fa7d485a7c,03a89ab793d18f269755252de46103388376fb8aff0e985c4940ff3cfb5c8785,5456f3d18116812d078d4ec2e85ba1f83d89c7c7,original_epoch4_10,REUSED,v2_ema_e04_g1_g_only_f_rollout_mean
4,g2,actor_free_td_lewm_v2_ema_sg_g2,f_plus_g_first,0.25,21,0.42,42.0,4,51184,e487871dcc59db231a7492f4bb83a61c93818a4d94f1d89874ff90b691035bbf,5fc1b204e7250ccfcbfda8f0bb2e184be5d9cffe89f16561f2c1d4bea52bf50e,5456f3d18116812d078d4ec2e85ba1f83d89c7c7,original_epoch4_10,REUSED,v2_ema_e04_g2_f_plus_g_first_alpha_0p25
4,g2,actor_free_td_lewm_v2_ema_sg_g2,g_only_f_rollout_mean,,16,0.32,32.0,4,51184,e487871dcc59db231a7492f4bb83a61c93818a4d94f1d89874ff90b691035bbf,5fc1b204e7250ccfcbfda8f0bb2e184be5d9cffe89f16561f2c1d4bea52bf50e,5456f3d18116812d078d4ec2e85ba1f83d89c7c7,original_epoch4_10,REUSED,v2_ema_e04_g2_g_only_f_rollout_mean
4,g3,actor_free_td_lewm_v2_ema_sg_g3,f_plus_g_first,0.25,20,0.4,40.0,4,51184,5e1006ff2ebcd1b1d801b94c8f70b98e433a91380adf033acccf635d2d739a31,b7352c0b8006e2247a1fb03472e13089f32f023728b4e63581bec8437f301d5a,5456f3d18116812d078d4ec2e85ba1f83d89c7c7,original_epoch4_10,REUSED,v2_ema_e04_g3_f_plus_g_first_alpha_0p25
4,g3,actor_free_td_lewm_v2_ema_sg_g3,g_only_f_rollout_mean,,23,0.46,46.0,4,51184,5e1006ff2ebcd1b1d801b94c8f70b98e433a91380adf033acccf635d2d739a31,b7352c0b8006e2247a1fb03472e13089f32f023728b4e63581bec8437f301d5a,5456f3d18116812d078d4ec2e85ba1f83d89c7c7,original_epoch4_10,REUSED,v2_ema_e04_g3_g_only_f_rollout_mean
5,c,actor_free_td_lewm_v2_ema_sg_c,f_plus_g_first,0.25,24,0.48,48.0,5,63980,fcd4206796d40b92d7c2ae1b3fab56ac18c014ec8ce194d26dce2cbd9c0d2886,85f830c8da0dbcf8c4d95429181680a79f5d9ef19044f1bfc98cbfb923d5b906,5456f3d18116812d078d4ec2e85ba1f83d89c7c7,original_epoch4_10,REUSED,v2_ema_e05_c_f_plus_g_first_alpha_0p25
5,c,actor_free_td_lewm_v2_ema_sg_c,g_only_f_rollout_mean,,14,0.28,28.0,5,63980,fcd4206796d40b92d7c2ae1b3fab56ac18c014ec8ce194d26dce2cbd9c0d2886,85f830c8da0dbcf8c4d95429181680a79f5d9ef19044f1bfc98cbfb923d5b906,5456f3d18116812d078d4ec2e85ba1f83d89c7c7,original_epoch4_10,REUSED,v2_ema_e05_c_g_only_f_rollout_mean
5,d,actor_free_td_lewm_v2_ema_sg_d,f_plus_g_first,0.25,17,0.34,34.0,5,63980,f51941726aea691e46b6887c2ccaf18e564a967a32fbdd21494cb4be1c5ccd64,d00ce602e3ad2aa4c764a04d864b7888b50ce794b4c06b138471b61afc16df1e,5456f3d18116812d078d4ec2e85ba1f83d89c7c7,original_epoch4_10,REUSED,v2_ema_e05_d_f_plus_g_first_alpha_0p25
5,d,actor_free_td_lewm_v2_ema_sg_d,g_only_f_rollout_mean,,21,0.42,42.0,5,63980,f51941726aea691e46b6887c2ccaf18e564a967a32fbdd21494cb4be1c5ccd64,d00ce602e3ad2aa4c764a04d864b7888b50ce794b4c06b138471b61afc16df1e,5456f3d18116812d078d4ec2e85ba1f83d89c7c7,original_epoch4_10,REUSED,v2_ema_e05_d_g_only_f_rollout_mean
5,f,actor_free_td_lewm_v2_ema_sg_f,f_plus_g_first,0.25,18,0.36,36.0,5,63980,1bf5239fb49cd747eecfef560732e73b8280c61f9ba46f9d57eac3d19223274d,b7b0c347ad46f129ec4deb2a569297f04e065f8cc7c93cbec8bd3ac6fac3c0c4,5456f3d18116812d078d4ec2e85ba1f83d89c7c7,original_epoch4_10,REUSED,v2_ema_e05_f_f_plus_g_first_alpha_0p25
5,f,actor_free_td_lewm_v2_ema_sg_f,g_only_f_rollout_mean,,19,0.38,38.0,5,63980,1bf5239fb49cd747eecfef560732e73b8280c61f9ba46f9d57eac3d19223274d,b7b0c347ad46f129ec4deb2a569297f04e065f8cc7c93cbec8bd3ac6fac3c0c4,5456f3d18116812d078d4ec2e85ba1f83d89c7c7,original_epoch4_10,REUSED,v2_ema_e05_f_g_only_f_rollout_mean
5,g1,actor_free_td_lewm_v2_ema_sg_g1,f_plus_g_first,0.25,18,0.36,36.0,5,63980,bb7b27f86596a6d3150874c29dcf0a65798ff2580d3eb2925c7c4c36f2e300ff,03a89ab793d18f269755252de46103388376fb8aff0e985c4940ff3cfb5c8785,5456f3d18116812d078d4ec2e85ba1f83d89c7c7,original_epoch4_10,REUSED,v2_ema_e05_g1_f_plus_g_first_alpha_0p25
5,g1,actor_free_td_lewm_v2_ema_sg_g1,g_only_f_rollout_mean,,15,0.3,30.0,5,63980,bb7b27f86596a6d3150874c29dcf0a65798ff2580d3eb2925c7c4c36f2e300ff,03a89ab793d18f269755252de46103388376fb8aff0e985c4940ff3cfb5c8785,5456f3d18116812d078d4ec2e85ba1f83d89c7c7,original_epoch4_10,REUSED,v2_ema_e05_g1_g_only_f_rollout_mean
5,g2,actor_free_td_lewm_v2_ema_sg_g2,f_plus_g_first,0.25,18,0.36,36.0,5,63980,ff090c445391f6c0cb54e016081b6cd86b3a920d88763c56093efaaf2d29e142,5fc1b204e7250ccfcbfda8f0bb2e184be5d9cffe89f16561f2c1d4bea52bf50e,5456f3d18116812d078d4ec2e85ba1f83d89c7c7,original_epoch4_10,REUSED,v2_ema_e05_g2_f_plus_g_first_alpha_0p25
5,g2,actor_free_td_lewm_v2_ema_sg_g2,g_only_f_rollout_mean,,16,0.32,32.0,5,63980,ff090c445391f6c0cb54e016081b6cd86b3a920d88763c56093efaaf2d29e142,5fc1b204e7250ccfcbfda8f0bb2e184be5d9cffe89f16561f2c1d4bea52bf50e,5456f3d18116812d078d4ec2e85ba1f83d89c7c7,original_epoch4_10,REUSED,v2_ema_e05_g2_g_only_f_rollout_mean
5,g3,actor_free_td_lewm_v2_ema_sg_g3,f_plus_g_first,0.25,17,0.34,34.0,5,63980,d3de2af3c916497b93c10c91b9df428a1c016efba45f9e4610f790dce1bb39c4,b7352c0b8006e2247a1fb03472e13089f32f023728b4e63581bec8437f301d5a,5456f3d18116812d078d4ec2e85ba1f83d89c7c7,original_epoch4_10,REUSED,v2_ema_e05_g3_f_plus_g_first_alpha_0p25
5,g3,actor_free_td_lewm_v2_ema_sg_g3,g_only_f_rollout_mean,,17,0.34,34.0,5,63980,d3de2af3c916497b93c10c91b9df428a1c016efba45f9e4610f790dce1bb39c4,b7352c0b8006e2247a1fb03472e13089f32f023728b4e63581bec8437f301d5a,5456f3d18116812d078d4ec2e85ba1f83d89c7c7,original_epoch4_10,REUSED,v2_ema_e05_g3_g_only_f_rollout_mean
6,c,actor_free_td_lewm_v2_ema_sg_c,f_plus_g_first,0.25,20,0.4,40.0,6,76776,e7902482da1b024b239de761a1c75bb9659395771537fad98c0449a0b543993b,85f830c8da0dbcf8c4d95429181680a79f5d9ef19044f1bfc98cbfb923d5b906,5456f3d18116812d078d4ec2e85ba1f83d89c7c7,original_epoch4_10,REUSED,v2_ema_e06_c_f_plus_g_first_alpha_0p25
6,c,actor_free_td_lewm_v2_ema_sg_c,g_only_f_rollout_mean,,17,0.34,34.0,6,76776,e7902482da1b024b239de761a1c75bb9659395771537fad98c0449a0b543993b,85f830c8da0dbcf8c4d95429181680a79f5d9ef19044f1bfc98cbfb923d5b906,5456f3d18116812d078d4ec2e85ba1f83d89c7c7,original_epoch4_10,REUSED,v2_ema_e06_c_g_only_f_rollout_mean
6,d,actor_free_td_lewm_v2_ema_sg_d,f_plus_g_first,0.25,16,0.32,32.0,6,76776,3789170c47961f0c88d6fdd02bfbbe932c97b34a3b4826f21b588aab1d391329,d00ce602e3ad2aa4c764a04d864b7888b50ce794b4c06b138471b61afc16df1e,5456f3d18116812d078d4ec2e85ba1f83d89c7c7,original_epoch4_10,REUSED,v2_ema_e06_d_f_plus_g_first_alpha_0p25
6,d,actor_free_td_lewm_v2_ema_sg_d,g_only_f_rollout_mean,,20,0.4,40.0,6,76776,3789170c47961f0c88d6fdd02bfbbe932c97b34a3b4826f21b588aab1d391329,d00ce602e3ad2aa4c764a04d864b7888b50ce794b4c06b138471b61afc16df1e,5456f3d18116812d078d4ec2e85ba1f83d89c7c7,original_epoch4_10,REUSED,v2_ema_e06_d_g_only_f_rollout_mean
6,f,actor_free_td_lewm_v2_ema_sg_f,f_plus_g_first,0.25,21,0.42,42.0,6,76776,fafdb0e8f1f0f11048c5aea8e95b52e2b55aa0087e29fd44a51c11b964b0f326,b7b0c347ad46f129ec4deb2a569297f04e065f8cc7c93cbec8bd3ac6fac3c0c4,5456f3d18116812d078d4ec2e85ba1f83d89c7c7,original_epoch4_10,REUSED,v2_ema_e06_f_f_plus_g_first_alpha_0p25
6,f,actor_free_td_lewm_v2_ema_sg_f,g_only_f_rollout_mean,,22,0.44,44.0,6,76776,fafdb0e8f1f0f11048c5aea8e95b52e2b55aa0087e29fd44a51c11b964b0f326,b7b0c347ad46f129ec4deb2a569297f04e065f8cc7c93cbec8bd3ac6fac3c0c4,5456f3d18116812d078d4ec2e85ba1f83d89c7c7,original_epoch4_10,REUSED,v2_ema_e06_f_g_only_f_rollout_mean
6,g1,actor_free_td_lewm_v2_ema_sg_g1,f_plus_g_first,0.25,15,0.3,30.0,6,76776,4c67445c146c4b5bbeab6616b23627292f8cae02030ad14edc50b83a2bc386e0,03a89ab793d18f269755252de46103388376fb8aff0e985c4940ff3cfb5c8785,5456f3d18116812d078d4ec2e85ba1f83d89c7c7,original_epoch4_10,REUSED,v2_ema_e06_g1_f_plus_g_first_alpha_0p25
6,g1,actor_free_td_lewm_v2_ema_sg_g1,g_only_f_rollout_mean,,18,0.36,36.0,6,76776,4c67445c146c4b5bbeab6616b23627292f8cae02030ad14edc50b83a2bc386e0,03a89ab793d18f269755252de46103388376fb8aff0e985c4940ff3cfb5c8785,5456f3d18116812d078d4ec2e85ba1f83d89c7c7,original_epoch4_10,REUSED,v2_ema_e06_g1_g_only_f_rollout_mean
6,g2,actor_free_td_lewm_v2_ema_sg_g2,f_plus_g_first,0.25,19,0.38,38.0,6,76776,2fdac2fe21ce594e3612bad10f6b82d1d3812ca95d49d20ad26154b0d32bbeea,5fc1b204e7250ccfcbfda8f0bb2e184be5d9cffe89f16561f2c1d4bea52bf50e,5456f3d18116812d078d4ec2e85ba1f83d89c7c7,original_epoch4_10,REUSED,v2_ema_e06_g2_f_plus_g_first_alpha_0p25
6,g2,actor_free_td_lewm_v2_ema_sg_g2,g_only_f_rollout_mean,,21,0.42,42.0,6,76776,2fdac2fe21ce594e3612bad10f6b82d1d3812ca95d49d20ad26154b0d32bbeea,5fc1b204e7250ccfcbfda8f0bb2e184be5d9cffe89f16561f2c1d4bea52bf50e,5456f3d18116812d078d4ec2e85ba1f83d89c7c7,original_epoch4_10,REUSED,v2_ema_e06_g2_g_only_f_rollout_mean
6,g3,actor_free_td_lewm_v2_ema_sg_g3,f_plus_g_first,0.25,20,0.4,40.0,6,76776,b8b4dfb537cd1f07aa46578f82bc5bd1433f5651f8b7792824fb7382a4f38971,b7352c0b8006e2247a1fb03472e13089f32f023728b4e63581bec8437f301d5a,5456f3d18116812d078d4ec2e85ba1f83d89c7c7,original_epoch4_10,REUSED,v2_ema_e06_g3_f_plus_g_first_alpha_0p25
6,g3,actor_free_td_lewm_v2_ema_sg_g3,g_only_f_rollout_mean,,22,0.44,44.0,6,76776,b8b4dfb537cd1f07aa46578f82bc5bd1433f5651f8b7792824fb7382a4f38971,b7352c0b8006e2247a1fb03472e13089f32f023728b4e63581bec8437f301d5a,5456f3d18116812d078d4ec2e85ba1f83d89c7c7,original_epoch4_10,REUSED,v2_ema_e06_g3_g_only_f_rollout_mean
7,c,actor_free_td_lewm_v2_ema_sg_c,f_plus_g_first,0.25,19,0.38,38.0,7,89572,a6c3941116ab820b43b60341b6b1daee09609148a92aa7ab6c5f0c87aaf3ed6b,85f830c8da0dbcf8c4d95429181680a79f5d9ef19044f1bfc98cbfb923d5b906,5456f3d18116812d078d4ec2e85ba1f83d89c7c7,original_epoch4_10,REUSED,v2_ema_e07_c_f_plus_g_first_alpha_0p25
7,c,actor_free_td_lewm_v2_ema_sg_c,g_only_f_rollout_mean,,18,0.36,36.0,7,89572,a6c3941116ab820b43b60341b6b1daee09609148a92aa7ab6c5f0c87aaf3ed6b,85f830c8da0dbcf8c4d95429181680a79f5d9ef19044f1bfc98cbfb923d5b906,5456f3d18116812d078d4ec2e85ba1f83d89c7c7,original_epoch4_10,REUSED,v2_ema_e07_c_g_only_f_rollout_mean
7,d,actor_free_td_lewm_v2_ema_sg_d,f_plus_g_first,0.25,20,0.4,40.0,7,89572,07c4a13d5dc10110614781b6dcb72c11aa96ddfe562e22f357966d85c544e36b,d00ce602e3ad2aa4c764a04d864b7888b50ce794b4c06b138471b61afc16df1e,5456f3d18116812d078d4ec2e85ba1f83d89c7c7,original_epoch4_10,REUSED,v2_ema_e07_d_f_plus_g_first_alpha_0p25
7,d,actor_free_td_lewm_v2_ema_sg_d,g_only_f_rollout_mean,,20,0.4,40.0,7,89572,07c4a13d5dc10110614781b6dcb72c11aa96ddfe562e22f357966d85c544e36b,d00ce602e3ad2aa4c764a04d864b7888b50ce794b4c06b138471b61afc16df1e,5456f3d18116812d078d4ec2e85ba1f83d89c7c7,original_epoch4_10,REUSED,v2_ema_e07_d_g_only_f_rollout_mean
7,f,actor_free_td_lewm_v2_ema_sg_f,f_plus_g_first,0.25,17,0.34,34.0,7,89572,89727406e06e1d8e3c44a8eabcdc045881b3bf77508e392222c81b2a6575f0b5,b7b0c347ad46f129ec4deb2a569297f04e065f8cc7c93cbec8bd3ac6fac3c0c4,5456f3d18116812d078d4ec2e85ba1f83d89c7c7,original_epoch4_10,REUSED,v2_ema_e07_f_f_plus_g_first_alpha_0p25
7,f,actor_free_td_lewm_v2_ema_sg_f,g_only_f_rollout_mean,,23,0.46,46.0,7,89572,89727406e06e1d8e3c44a8eabcdc045881b3bf77508e392222c81b2a6575f0b5,b7b0c347ad46f129ec4deb2a569297f04e065f8cc7c93cbec8bd3ac6fac3c0c4,5456f3d18116812d078d4ec2e85ba1f83d89c7c7,original_epoch4_10,REUSED,v2_ema_e07_f_g_only_f_rollout_mean
7,g1,actor_free_td_lewm_v2_ema_sg_g1,f_plus_g_first,0.25,13,0.26,26.0,7,89572,70e7c9cc4f6c5591105cda5c377b6215498740c10e65ffe17a8cf6328723bf01,03a89ab793d18f269755252de46103388376fb8aff0e985c4940ff3cfb5c8785,5456f3d18116812d078d4ec2e85ba1f83d89c7c7,original_epoch4_10,REUSED,v2_ema_e07_g1_f_plus_g_first_alpha_0p25
7,g1,actor_free_td_lewm_v2_ema_sg_g1,g_only_f_rollout_mean,,18,0.36,36.0,7,89572,70e7c9cc4f6c5591105cda5c377b6215498740c10e65ffe17a8cf6328723bf01,03a89ab793d18f269755252de46103388376fb8aff0e985c4940ff3cfb5c8785,5456f3d18116812d078d4ec2e85ba1f83d89c7c7,original_epoch4_10,REUSED,v2_ema_e07_g1_g_only_f_rollout_mean
7,g2,actor_free_td_lewm_v2_ema_sg_g2,f_plus_g_first,0.25,22,0.44,44.0,7,89572,429d18b1801a2198d12c40b034e949a20550d70b2a39a1992b736bf949ee4c93,5fc1b204e7250ccfcbfda8f0bb2e184be5d9cffe89f16561f2c1d4bea52bf50e,5456f3d18116812d078d4ec2e85ba1f83d89c7c7,original_epoch4_10,REUSED,v2_ema_e07_g2_f_plus_g_first_alpha_0p25
7,g2,actor_free_td_lewm_v2_ema_sg_g2,g_only_f_rollout_mean,,15,0.3,30.0,7,89572,429d18b1801a2198d12c40b034e949a20550d70b2a39a1992b736bf949ee4c93,5fc1b204e7250ccfcbfda8f0bb2e184be5d9cffe89f16561f2c1d4bea52bf50e,5456f3d18116812d078d4ec2e85ba1f83d89c7c7,original_epoch4_10,REUSED,v2_ema_e07_g2_g_only_f_rollout_mean
7,g3,actor_free_td_lewm_v2_ema_sg_g3,f_plus_g_first,0.25,19,0.38,38.0,7,89572,5d3ef2addbcadc5a97ab73fc32e838348bbb68fa2f718ebc9ad1046ff96662af,b7352c0b8006e2247a1fb03472e13089f32f023728b4e63581bec8437f301d5a,5456f3d18116812d078d4ec2e85ba1f83d89c7c7,original_epoch4_10,REUSED,v2_ema_e07_g3_f_plus_g_first_alpha_0p25
7,g3,actor_free_td_lewm_v2_ema_sg_g3,g_only_f_rollout_mean,,19,0.38,38.0,7,89572,5d3ef2addbcadc5a97ab73fc32e838348bbb68fa2f718ebc9ad1046ff96662af,b7352c0b8006e2247a1fb03472e13089f32f023728b4e63581bec8437f301d5a,5456f3d18116812d078d4ec2e85ba1f83d89c7c7,original_epoch4_10,REUSED,v2_ema_e07_g3_g_only_f_rollout_mean
8,c,actor_free_td_lewm_v2_ema_sg_c,f_plus_g_first,0.25,22,0.44,44.0,8,102368,023f5303216406a0e8d17e0ae9e6f514a46c3e89c21a2053c9915bd99412f946,85f830c8da0dbcf8c4d95429181680a79f5d9ef19044f1bfc98cbfb923d5b906,5456f3d18116812d078d4ec2e85ba1f83d89c7c7,original_epoch4_10,REUSED,v2_ema_e08_c_f_plus_g_first_alpha_0p25
8,c,actor_free_td_lewm_v2_ema_sg_c,g_only_f_rollout_mean,,14,0.28,28.0,8,102368,023f5303216406a0e8d17e0ae9e6f514a46c3e89c21a2053c9915bd99412f946,85f830c8da0dbcf8c4d95429181680a79f5d9ef19044f1bfc98cbfb923d5b906,5456f3d18116812d078d4ec2e85ba1f83d89c7c7,original_epoch4_10,REUSED,v2_ema_e08_c_g_only_f_rollout_mean
8,d,actor_free_td_lewm_v2_ema_sg_d,f_plus_g_first,0.25,23,0.46,46.0,8,102368,e9599fe0c305b4da031250f4efacd4074c2aa800756ce1a7381b81ee83a8606f,d00ce602e3ad2aa4c764a04d864b7888b50ce794b4c06b138471b61afc16df1e,5456f3d18116812d078d4ec2e85ba1f83d89c7c7,original_epoch4_10,REUSED,v2_ema_e08_d_f_plus_g_first_alpha_0p25
8,d,actor_free_td_lewm_v2_ema_sg_d,g_only_f_rollout_mean,,17,0.34,34.0,8,102368,e9599fe0c305b4da031250f4efacd4074c2aa800756ce1a7381b81ee83a8606f,d00ce602e3ad2aa4c764a04d864b7888b50ce794b4c06b138471b61afc16df1e,5456f3d18116812d078d4ec2e85ba1f83d89c7c7,original_epoch4_10,REUSED,v2_ema_e08_d_g_only_f_rollout_mean
8,f,actor_free_td_lewm_v2_ema_sg_f,f_plus_g_first,0.25,20,0.4,40.0,8,102368,fbe477e4d3c8ce41ec7aaf40d3b8401dd1f8f01b6896a7de08857b2ff4596a6d,b7b0c347ad46f129ec4deb2a569297f04e065f8cc7c93cbec8bd3ac6fac3c0c4,5456f3d18116812d078d4ec2e85ba1f83d89c7c7,original_epoch4_10,REUSED,v2_ema_e08_f_f_plus_g_first_alpha_0p25
8,f,actor_free_td_lewm_v2_ema_sg_f,g_only_f_rollout_mean,,21,0.42,42.0,8,102368,fbe477e4d3c8ce41ec7aaf40d3b8401dd1f8f01b6896a7de08857b2ff4596a6d,b7b0c347ad46f129ec4deb2a569297f04e065f8cc7c93cbec8bd3ac6fac3c0c4,5456f3d18116812d078d4ec2e85ba1f83d89c7c7,original_epoch4_10,REUSED,v2_ema_e08_f_g_only_f_rollout_mean
8,g1,actor_free_td_lewm_v2_ema_sg_g1,f_plus_g_first,0.25,17,0.34,34.0,8,102368,f56cba1ed9f2967488fb9f56de64b9cf060cb5fe90c041b334a934c8683942f0,03a89ab793d18f269755252de46103388376fb8aff0e985c4940ff3cfb5c8785,5456f3d18116812d078d4ec2e85ba1f83d89c7c7,original_epoch4_10,REUSED,v2_ema_e08_g1_f_plus_g_first_alpha_0p25
8,g1,actor_free_td_lewm_v2_ema_sg_g1,g_only_f_rollout_mean,,17,0.34,34.0,8,102368,f56cba1ed9f2967488fb9f56de64b9cf060cb5fe90c041b334a934c8683942f0,03a89ab793d18f269755252de46103388376fb8aff0e985c4940ff3cfb5c8785,5456f3d18116812d078d4ec2e85ba1f83d89c7c7,original_epoch4_10,REUSED,v2_ema_e08_g1_g_only_f_rollout_mean
8,g2,actor_free_td_lewm_v2_ema_sg_g2,f_plus_g_first,0.25,20,0.4,40.0,8,102368,4470f41b9f75a27f00c9f764a24d5d24035eabe17545a03a9122b9da2bb7f24b,5fc1b204e7250ccfcbfda8f0bb2e184be5d9cffe89f16561f2c1d4bea52bf50e,5456f3d18116812d078d4ec2e85ba1f83d89c7c7,original_epoch4_10,REUSED,v2_ema_e08_g2_f_plus_g_first_alpha_0p25
8,g2,actor_free_td_lewm_v2_ema_sg_g2,g_only_f_rollout_mean,,14,0.28,28.0,8,102368,4470f41b9f75a27f00c9f764a24d5d24035eabe17545a03a9122b9da2bb7f24b,5fc1b204e7250ccfcbfda8f0bb2e184be5d9cffe89f16561f2c1d4bea52bf50e,5456f3d18116812d078d4ec2e85ba1f83d89c7c7,original_epoch4_10,REUSED,v2_ema_e08_g2_g_only_f_rollout_mean
8,g3,actor_free_td_lewm_v2_ema_sg_g3,f_plus_g_first,0.25,16,0.32,32.0,8,102368,539b85b872fde0a73a5803bef970ebcf1fbab5b620c46ecde2862886c3328e2d,b7352c0b8006e2247a1fb03472e13089f32f023728b4e63581bec8437f301d5a,5456f3d18116812d078d4ec2e85ba1f83d89c7c7,original_epoch4_10,REUSED,v2_ema_e08_g3_f_plus_g_first_alpha_0p25
8,g3,actor_free_td_lewm_v2_ema_sg_g3,g_only_f_rollout_mean,,18,0.36,36.0,8,102368,539b85b872fde0a73a5803bef970ebcf1fbab5b620c46ecde2862886c3328e2d,b7352c0b8006e2247a1fb03472e13089f32f023728b4e63581bec8437f301d5a,5456f3d18116812d078d4ec2e85ba1f83d89c7c7,original_epoch4_10,REUSED,v2_ema_e08_g3_g_only_f_rollout_mean
9,c,actor_free_td_lewm_v2_ema_sg_c,f_plus_g_first,0.25,21,0.42,42.0,9,115164,3eae11cc031133a80c3fc9f1b00b919743055dfd10bd1e9e876832384eb9e5d6,85f830c8da0dbcf8c4d95429181680a79f5d9ef19044f1bfc98cbfb923d5b906,5456f3d18116812d078d4ec2e85ba1f83d89c7c7,original_epoch4_10,REUSED,v2_ema_e09_c_f_plus_g_first_alpha_0p25
9,c,actor_free_td_lewm_v2_ema_sg_c,g_only_f_rollout_mean,,9,0.18,18.0,9,115164,3eae11cc031133a80c3fc9f1b00b919743055dfd10bd1e9e876832384eb9e5d6,85f830c8da0dbcf8c4d95429181680a79f5d9ef19044f1bfc98cbfb923d5b906,5456f3d18116812d078d4ec2e85ba1f83d89c7c7,original_epoch4_10,REUSED,v2_ema_e09_c_g_only_f_rollout_mean
9,d,actor_free_td_lewm_v2_ema_sg_d,f_plus_g_first,0.25,22,0.44,44.0,9,115164,2cc6b97afff5f7e7dfeb55cd066813cffeae272c144e48d619e4735432961666,d00ce602e3ad2aa4c764a04d864b7888b50ce794b4c06b138471b61afc16df1e,5456f3d18116812d078d4ec2e85ba1f83d89c7c7,original_epoch4_10,REUSED,v2_ema_e09_d_f_plus_g_first_alpha_0p25
9,d,actor_free_td_lewm_v2_ema_sg_d,g_only_f_rollout_mean,,19,0.38,38.0,9,115164,2cc6b97afff5f7e7dfeb55cd066813cffeae272c144e48d619e4735432961666,d00ce602e3ad2aa4c764a04d864b7888b50ce794b4c06b138471b61afc16df1e,5456f3d18116812d078d4ec2e85ba1f83d89c7c7,original_epoch4_10,REUSED,v2_ema_e09_d_g_only_f_rollout_mean
9,f,actor_free_td_lewm_v2_ema_sg_f,f_plus_g_first,0.25,23,0.46,46.0,9,115164,09dbc3bb744a3452a9fae82d91f13feaee3c1db769efa9deaaa1a3920d774f1f,b7b0c347ad46f129ec4deb2a569297f04e065f8cc7c93cbec8bd3ac6fac3c0c4,5456f3d18116812d078d4ec2e85ba1f83d89c7c7,original_epoch4_10,REUSED,v2_ema_e09_f_f_plus_g_first_alpha_0p25
9,f,actor_free_td_lewm_v2_ema_sg_f,g_only_f_rollout_mean,,22,0.44,44.0,9,115164,09dbc3bb744a3452a9fae82d91f13feaee3c1db769efa9deaaa1a3920d774f1f,b7b0c347ad46f129ec4deb2a569297f04e065f8cc7c93cbec8bd3ac6fac3c0c4,5456f3d18116812d078d4ec2e85ba1f83d89c7c7,original_epoch4_10,REUSED,v2_ema_e09_f_g_only_f_rollout_mean
9,g1,actor_free_td_lewm_v2_ema_sg_g1,f_plus_g_first,0.25,16,0.32,32.0,9,115164,52828fa9eae880568ff0e1f5cc6787b877c84256f0b450e2611851308025720f,03a89ab793d18f269755252de46103388376fb8aff0e985c4940ff3cfb5c8785,5456f3d18116812d078d4ec2e85ba1f83d89c7c7,original_epoch4_10,REUSED,v2_ema_e09_g1_f_plus_g_first_alpha_0p25
9,g1,actor_free_td_lewm_v2_ema_sg_g1,g_only_f_rollout_mean,,17,0.34,34.0,9,115164,52828fa9eae880568ff0e1f5cc6787b877c84256f0b450e2611851308025720f,03a89ab793d18f269755252de46103388376fb8aff0e985c4940ff3cfb5c8785,5456f3d18116812d078d4ec2e85ba1f83d89c7c7,original_epoch4_10,REUSED,v2_ema_e09_g1_g_only_f_rollout_mean
9,g2,actor_free_td_lewm_v2_ema_sg_g2,f_plus_g_first,0.25,20,0.4,40.0,9,115164,a8240a7376d28a60eca245d1e0320dfbfd289b84a71d3a28b6a5080fc3006b58,5fc1b204e7250ccfcbfda8f0bb2e184be5d9cffe89f16561f2c1d4bea52bf50e,5456f3d18116812d078d4ec2e85ba1f83d89c7c7,original_epoch4_10,REUSED,v2_ema_e09_g2_f_plus_g_first_alpha_0p25
9,g2,actor_free_td_lewm_v2_ema_sg_g2,g_only_f_rollout_mean,,20,0.4,40.0,9,115164,a8240a7376d28a60eca245d1e0320dfbfd289b84a71d3a28b6a5080fc3006b58,5fc1b204e7250ccfcbfda8f0bb2e184be5d9cffe89f16561f2c1d4bea52bf50e,5456f3d18116812d078d4ec2e85ba1f83d89c7c7,original_epoch4_10,REUSED,v2_ema_e09_g2_g_only_f_rollout_mean
9,g3,actor_free_td_lewm_v2_ema_sg_g3,f_plus_g_first,0.25,22,0.44,44.0,9,115164,ae6a38020498b258458fc720e52ee98b5fe852970b6987c2c10622a3928fe383,b7352c0b8006e2247a1fb03472e13089f32f023728b4e63581bec8437f301d5a,5456f3d18116812d078d4ec2e85ba1f83d89c7c7,original_epoch4_10,REUSED,v2_ema_e09_g3_f_plus_g_first_alpha_0p25
9,g3,actor_free_td_lewm_v2_ema_sg_g3,g_only_f_rollout_mean,,16,0.32,32.0,9,115164,ae6a38020498b258458fc720e52ee98b5fe852970b6987c2c10622a3928fe383,b7352c0b8006e2247a1fb03472e13089f32f023728b4e63581bec8437f301d5a,5456f3d18116812d078d4ec2e85ba1f83d89c7c7,original_epoch4_10,REUSED,v2_ema_e09_g3_g_only_f_rollout_mean
10,c,actor_free_td_lewm_v2_ema_sg_c,f_plus_g_first,0.25,20,0.4,40.0,10,127960,f555f13c2e2d92b84ce625fb213fb447a378e625266be60d2c916eae62c9391d,85f830c8da0dbcf8c4d95429181680a79f5d9ef19044f1bfc98cbfb923d5b906,5456f3d18116812d078d4ec2e85ba1f83d89c7c7,original_epoch4_10,REUSED,v2_ema_e10_c_f_plus_g_first_alpha_0p25
10,c,actor_free_td_lewm_v2_ema_sg_c,g_only_f_rollout_mean,,14,0.28,28.0,10,127960,f555f13c2e2d92b84ce625fb213fb447a378e625266be60d2c916eae62c9391d,85f830c8da0dbcf8c4d95429181680a79f5d9ef19044f1bfc98cbfb923d5b906,5456f3d18116812d078d4ec2e85ba1f83d89c7c7,original_epoch4_10,SUCCEEDED,v2_ema_e10_c_g_only_f_rollout_mean
10,d,actor_free_td_lewm_v2_ema_sg_d,f_plus_g_first,0.25,22,0.44,44.0,10,127960,e7b291b9d3ce1844c245979888f6ff20208ee7777666e6e7b3bd76301a158cd1,d00ce602e3ad2aa4c764a04d864b7888b50ce794b4c06b138471b61afc16df1e,5456f3d18116812d078d4ec2e85ba1f83d89c7c7,original_epoch4_10,REUSED,v2_ema_e10_d_f_plus_g_first_alpha_0p25
10,d,actor_free_td_lewm_v2_ema_sg_d,g_only_f_rollout_mean,,19,0.38,38.0,10,127960,e7b291b9d3ce1844c245979888f6ff20208ee7777666e6e7b3bd76301a158cd1,d00ce602e3ad2aa4c764a04d864b7888b50ce794b4c06b138471b61afc16df1e,5456f3d18116812d078d4ec2e85ba1f83d89c7c7,original_epoch4_10,SUCCEEDED,v2_ema_e10_d_g_only_f_rollout_mean
10,f,actor_free_td_lewm_v2_ema_sg_f,f_plus_g_first,0.25,22,0.44,44.0,10,127960,9f75cae7dab94ebc0adf3c273db70dde7a2aee2a5628da1fb941ff7d6457f1b7,b7b0c347ad46f129ec4deb2a569297f04e065f8cc7c93cbec8bd3ac6fac3c0c4,5456f3d18116812d078d4ec2e85ba1f83d89c7c7,original_epoch4_10,SUCCEEDED,v2_ema_e10_f_f_plus_g_first_alpha_0p25
10,f,actor_free_td_lewm_v2_ema_sg_f,g_only_f_rollout_mean,,23,0.46,46.0,10,127960,9f75cae7dab94ebc0adf3c273db70dde7a2aee2a5628da1fb941ff7d6457f1b7,b7b0c347ad46f129ec4deb2a569297f04e065f8cc7c93cbec8bd3ac6fac3c0c4,5456f3d18116812d078d4ec2e85ba1f83d89c7c7,original_epoch4_10,SUCCEEDED,v2_ema_e10_f_g_only_f_rollout_mean
10,g1,actor_free_td_lewm_v2_ema_sg_g1,f_plus_g_first,0.25,19,0.38,38.0,10,127960,e722882aa8054e8666e9ba6c8662671fd6dcd0a8c8afae2f992e8138970ffe5e,03a89ab793d18f269755252de46103388376fb8aff0e985c4940ff3cfb5c8785,5456f3d18116812d078d4ec2e85ba1f83d89c7c7,original_epoch4_10,SUCCEEDED,v2_ema_e10_g1_f_plus_g_first_alpha_0p25
10,g1,actor_free_td_lewm_v2_ema_sg_g1,g_only_f_rollout_mean,,21,0.42,42.0,10,127960,e722882aa8054e8666e9ba6c8662671fd6dcd0a8c8afae2f992e8138970ffe5e,03a89ab793d18f269755252de46103388376fb8aff0e985c4940ff3cfb5c8785,5456f3d18116812d078d4ec2e85ba1f83d89c7c7,original_epoch4_10,SUCCEEDED,v2_ema_e10_g1_g_only_f_rollout_mean
10,g2,actor_free_td_lewm_v2_ema_sg_g2,f_plus_g_first,0.25,18,0.36,36.0,10,127960,926b7d9b3b02ae4006a06f51e2368e720615e1127f79d0d6dab1ea8f3d454bf9,5fc1b204e7250ccfcbfda8f0bb2e184be5d9cffe89f16561f2c1d4bea52bf50e,5456f3d18116812d078d4ec2e85ba1f83d89c7c7,original_epoch4_10,SUCCEEDED,v2_ema_e10_g2_f_plus_g_first_alpha_0p25
10,g2,actor_free_td_lewm_v2_ema_sg_g2,g_only_f_rollout_mean,,17,0.34,34.0,10,127960,926b7d9b3b02ae4006a06f51e2368e720615e1127f79d0d6dab1ea8f3d454bf9,5fc1b204e7250ccfcbfda8f0bb2e184be5d9cffe89f16561f2c1d4bea52bf50e,5456f3d18116812d078d4ec2e85ba1f83d89c7c7,original_epoch4_10,SUCCEEDED,v2_ema_e10_g2_g_only_f_rollout_mean
10,g3,actor_free_td_lewm_v2_ema_sg_g3,f_plus_g_first,0.25,21,0.42,42.0,10,127960,a30aa7d1f9c34aa142e541b66d9ccbe7dc29e5f7a2b7ab0d52ea9a31f9a6c993,b7352c0b8006e2247a1fb03472e13089f32f023728b4e63581bec8437f301d5a,5456f3d18116812d078d4ec2e85ba1f83d89c7c7,original_epoch4_10,SUCCEEDED,v2_ema_e10_g3_f_plus_g_first_alpha_0p25
10,g3,actor_free_td_lewm_v2_ema_sg_g3,g_only_f_rollout_mean,,17,0.34,34.0,10,127960,a30aa7d1f9c34aa142e541b66d9ccbe7dc29e5f7a2b7ab0d52ea9a31f9a6c993,b7352c0b8006e2247a1fb03472e13089f32f023728b4e63581bec8437f301d5a,5456f3d18116812d078d4ec2e85ba1f83d89c7c7,original_epoch4_10,SUCCEEDED,v2_ema_e10_g3_g_only_f_rollout_mean
