variant,method,display_name,epoch,train_total_loss,train_prediction_loss,train_prediction_online_reference_mse,train_online_ema_latent_drift,train_base_hybrid_td_loss,train_method_hybrid_td_loss,validation_total_loss,validation_prediction_loss,validation_prediction_online_reference_mse,validation_online_ema_latent_drift,validation_base_hybrid_td_loss,validation_method_hybrid_td_loss
c,actor_free_td_lewm_v2_ema_sg_c,V2-EMA-SG-C Coupled Hybrid Goal-Projected TD,1,9717.57617188,0.552733778954,0.427740126848,0.131658673286,2790.18017578,14458.8134766,2009.12219238,0.714682519436,0.713848650455,0.101873449981,2003.99926758,14393.3496094
c,actor_free_td_lewm_v2_ema_sg_c,V2-EMA-SG-C Coupled Hybrid Goal-Projected TD,2,12382.6005859,0.984645545483,0.904057323933,0.0900564193726,1701.16113281,12380.1064453,1300.4699707,1.05282270908,1.03984642029,0.0499338693917,1294.6529541,13306.1601562
c,actor_free_td_lewm_v2_ema_sg_c,V2-EMA-SG-C Coupled Hybrid Goal-Projected TD,3,12982.9570312,1.26522219181,1.19147980213,0.0856111943722,1353.90002441,12979.7294922,1372.11254883,1.33695483208,1.38001775742,0.0851991251111,1365.52819824,15104.9619141
c,actor_free_td_lewm_v2_ema_sg_c,V2-EMA-SG-C Coupled Hybrid Goal-Projected TD,4,13336.8457031,1.49104583263,1.42580771446,0.0809675604105,1238.38415527,13333.3496094,1254.19091797,1.58147168159,1.60187029839,0.0622551143169,1247.66882324,14945.2978516
c,actor_free_td_lewm_v2_ema_sg_c,V2-EMA-SG-C Coupled Hybrid Goal-Projected TD,5,12624.5800781,1.61978018284,1.56647205353,0.0710865855217,1075.77966309,12620.7666016,1037.17175293,1.64885103703,1.63729989529,0.045760832727,1030.5123291,12746.4951172
c,actor_free_td_lewm_v2_ema_sg_c,V2-EMA-SG-C Coupled Hybrid Goal-Projected TD,6,11499.3945312,1.69215846062,1.64910876751,0.0627696290612,954.646972656,11495.2451172,882.874938965,1.66727435589,1.68719506264,0.0382052510977,875.99206543,12064.5351562
c,actor_free_td_lewm_v2_ema_sg_c,V2-EMA-SG-C Coupled Hybrid Goal-Projected TD,7,11191.4472656,1.74858725071,1.71367681026,0.0546687208116,860.867370605,11187.1513672,823.20098877,1.77644598484,1.78767096996,0.0301241856068,816.24005127,11522.5195312
c,actor_free_td_lewm_v2_ema_sg_c,V2-EMA-SG-C Coupled Hybrid Goal-Projected TD,8,11430.0039062,1.79265201092,1.76068949699,0.0496339164674,816.294616699,11425.5566406,751.960021973,1.78386640549,1.79737484455,0.0303683374077,745.194091797,10707.5488281
c,actor_free_td_lewm_v2_ema_sg_c,V2-EMA-SG-C Coupled Hybrid Goal-Projected TD,9,10058.2568359,1.79162657261,1.76342892647,0.0445047132671,779.884155273,10053.8105469,694.821594238,1.85497546196,1.86781919003,0.0235284008086,688.003234863,10029.3769531
c,actor_free_td_lewm_v2_ema_sg_c,V2-EMA-SG-C Coupled Hybrid Goal-Projected TD,10,10515.9697266,1.80512988567,1.77974581718,0.042023383081,782.472961426,10511.4609375,738.202148438,1.84390127659,1.88625311852,0.0352713055909,731.347961426,10444.9589844
d,actor_free_td_lewm_v2_ema_sg_d,V2-EMA-SG-D Coupled Hybrid Goal-Value Weighted TD,1,1658.89587402,0.83715569973,0.627247929573,0.223690181971,3683.6965332,2867.07446289,5285.79833984,1.21326839924,1.05299007893,0.206306934357,5277.98828125,4099.51953125
d,actor_free_td_lewm_v2_ema_sg_d,V2-EMA-SG-D Coupled Hybrid Goal-Value Weighted TD,2,3283.26318359,1.59179317951,1.30737042427,0.293391168118,5310.59130859,3279.94335938,8275.5625,1.57358157635,1.46222245693,0.187299236655,8267.66992188,6725.07763672
d,actor_free_td_lewm_v2_ema_sg_d,V2-EMA-SG-D Coupled Hybrid Goal-Value Weighted TD,3,3796.82592773,1.96685779095,1.66027438641,0.331512600183,6274.23388672,3793.04541016,10542.0996094,1.99138712883,1.895865798,0.41367316246,10533.2597656,8511.28125
d,actor_free_td_lewm_v2_ema_sg_d,V2-EMA-SG-D Coupled Hybrid Goal-Value Weighted TD,4,3467.0144043,2.06590628624,1.78707444668,0.320475399494,5903.89990234,3463.25634766,9809.88476562,1.93449163437,1.89218366146,0.267805367708,9802.53125,8163.984375
d,actor_free_td_lewm_v2_ema_sg_d,V2-EMA-SG-D Coupled Hybrid Goal-Value Weighted TD,5,3090.25683594,2.04922938347,1.82102024555,0.284515440464,5237.62158203,3086.64208984,8679.43066406,1.92600047588,1.8597843647,0.187526032329,8672.30761719,6857.17236328
d,actor_free_td_lewm_v2_ema_sg_d,V2-EMA-SG-D Coupled Hybrid Goal-Value Weighted TD,6,2781.34423828,1.9923043251,1.80158674717,0.259850144386,4626.82617188,2777.89404297,6138.76464844,1.76445925236,1.83766591549,0.205486953259,6132.01269531,4424.78125
d,actor_free_td_lewm_v2_ema_sg_d,V2-EMA-SG-D Coupled Hybrid Goal-Value Weighted TD,7,2514.4375,1.92011880875,1.75465106964,0.238030254841,4207.25048828,2511.17529297,5983.63769531,1.75717115402,1.77925312519,0.139485552907,5976.79931641,4542.33398438
d,actor_free_td_lewm_v2_ema_sg_d,V2-EMA-SG-D Coupled Hybrid Goal-Value Weighted TD,8,2434.72753906,1.87439358234,1.73145544529,0.212323874235,3837.74145508,2431.61621094,6018.76171875,1.77471756935,1.81245243549,0.176635026932,6012.45263672,4910.984375
d,actor_free_td_lewm_v2_ema_sg_d,V2-EMA-SG-D Coupled Hybrid Goal-Value Weighted TD,9,2256.42895508,1.8289784193,1.69545781612,0.193887650967,3704.26831055,2253.43408203,4934.7265625,1.71700716019,1.78106486797,0.130169674754,4928.49414062,3383.56274414
d,actor_free_td_lewm_v2_ema_sg_d,V2-EMA-SG-D Coupled Hybrid Goal-Value Weighted TD,10,2569.79125977,1.78316283226,1.65744173527,0.189441919327,4004.7980957,2566.91430664,5385.5625,1.71314060688,1.86649703979,0.215222984552,5379.29052734,4911.09521484
f,actor_free_td_lewm_v2_ema_sg_f,V2-EMA-SG-F Coupled Hybrid Same-Future Advantage,1,1744.38354492,0.85455006361,0.638119220734,0.230444595218,3768.64477539,2941.04223633,5939.23828125,1.27378988266,1.06505143642,0.269406765699,5931.06835938,5260.76904297
f,actor_free_td_lewm_v2_ema_sg_f,V2-EMA-SG-F Coupled Hybrid Same-Future Advantage,2,3500.93164062,1.60466921329,1.31349682808,0.296813726425,5555.24365234,3497.57519531,7850.22216797,1.50455391407,1.48432672024,0.186443373561,7841.9375,6105.01269531
f,actor_free_td_lewm_v2_ema_sg_f,V2-EMA-SG-F Coupled Hybrid Same-Future Advantage,3,3985.0234375,1.93428874016,1.62899696827,0.329594194889,6483.86767578,3981.20581055,9802.92285156,1.94027984142,1.81862461567,0.37053078413,9793.88574219,7518.64892578
f,actor_free_td_lewm_v2_ema_sg_f,V2-EMA-SG-F Coupled Hybrid Same-Future Advantage,4,3695.92163086,2.07507061958,1.79579269886,0.31582185626,6133.94824219,3692.11914062,9407.09082031,2.00577569008,1.85239350796,0.217697441578,9399.73339844,7990.43212891
f,actor_free_td_lewm_v2_ema_sg_f,V2-EMA-SG-F Coupled Hybrid Same-Future Advantage,5,3364.46948242,2.02975988388,1.80594265461,0.274988651276,5497.15673828,3360.80126953,8266.84179688,1.99667000771,1.84280490875,0.17758564651,8259.6171875,6351.51904297
f,actor_free_td_lewm_v2_ema_sg_f,V2-EMA-SG-F Coupled Hybrid Same-Future Advantage,6,2967.50146484,2.00284385681,1.80853021145,0.257726788521,4834.07080078,2963.98632812,6435.66894531,1.86009681225,1.99992227554,0.279613167048,6428.50195312,4929.16894531
f,actor_free_td_lewm_v2_ema_sg_f,V2-EMA-SG-F Coupled Hybrid Same-Future Advantage,7,2617.68286133,1.94225263596,1.77473831177,0.231201022863,4269.33251953,2614.36328125,6024.29736328,1.75926542282,1.76578342915,0.117141969502,6017.50439453,4588.375
f,actor_free_td_lewm_v2_ema_sg_f,V2-EMA-SG-F Coupled Hybrid Same-Future Advantage,8,2407.30957031,1.89143168926,1.74102914333,0.211352273822,3937.02783203,2404.12011719,6242.65576172,1.8012996912,1.89672970772,0.207710176706,6236.11376953,4829.3984375
f,actor_free_td_lewm_v2_ema_sg_f,V2-EMA-SG-F Coupled Hybrid Same-Future Advantage,9,2430.76098633,1.85189521313,1.71103286743,0.194296464324,3989.89746094,2427.70996094,5157.24023438,1.74409604073,1.72870862484,0.130502581596,5151.05126953,3567.49487305
f,actor_free_td_lewm_v2_ema_sg_f,V2-EMA-SG-F Coupled Hybrid Same-Future Advantage,10,2649.17944336,1.80464565754,1.67179405689,0.188377201557,4292.71533203,2646.23291016,5638.38378906,1.69776988029,1.91614878178,0.235959738493,5631.88916016,4581.58691406
g1,actor_free_td_lewm_v2_ema_sg_g1,V2-EMA-SG-G1 Coupled Hybrid Neighbor Action Advantage,1,1741.72570801,0.915583372116,0.681771457195,0.245747059584,3046.32861328,2711.1628418,4596.39941406,1.38682699203,1.20939314365,0.326541543007,4588.64501953,4588.64453125
g1,actor_free_td_lewm_v2_ema_sg_g1,V2-EMA-SG-G1 Coupled Hybrid Neighbor Action Advantage,2,4145.34814453,1.84951460361,1.5023869276,0.334811836481,4707.09765625,4141.91601562,6829.16259766,2.02811694145,1.77727103233,0.256916761398,6821.01708984,6821.01708984
g1,actor_free_td_lewm_v2_ema_sg_g1,V2-EMA-SG-G1 Coupled Hybrid Neighbor Action Advantage,3,5100.58642578,2.29890847206,1.94078195095,0.380149930716,6069.89160156,5096.46630859,8795.78515625,2.29061746597,2.36887121201,0.504701435566,8786.90722656,8786.90722656
g1,actor_free_td_lewm_v2_ema_sg_g1,V2-EMA-SG-G1 Coupled Hybrid Neighbor Action Advantage,4,4975.69726562,2.47985649109,2.1474006176,0.378036946058,6085.09521484,4971.31201172,7524.03125,2.36702656746,2.3456351757,0.236867189407,7515.72314453,7515.72314453
g1,actor_free_td_lewm_v2_ema_sg_g1,V2-EMA-SG-G1 Coupled Hybrid Neighbor Action Advantage,5,4376.31640625,2.4936504364,2.21318936348,0.341653048992,5466.26953125,4371.88671875,7036.76464844,2.41464591026,2.31892251968,0.21774084866,7028.80761719,7028.80761719
g1,actor_free_td_lewm_v2_ema_sg_g1,V2-EMA-SG-G1 Coupled Hybrid Neighbor Action Advantage,6,3931.93286133,2.45691514015,2.20911931992,0.32527589798,4924.55273438,3927.60766602,5802.35644531,2.18041586876,2.31340742111,0.221897408366,5794.84228516,5794.84228516
g1,actor_free_td_lewm_v2_ema_sg_g1,V2-EMA-SG-G1 Coupled Hybrid Neighbor Action Advantage,7,3429.22290039,2.40518403053,2.18938422203,0.298902332783,4329.35742188,3425.00805664,5925.46826172,2.25587272644,2.35231113434,0.179127544165,5917.37841797,5917.37792969
g1,actor_free_td_lewm_v2_ema_sg_g1,V2-EMA-SG-G1 Coupled Hybrid Neighbor Action Advantage,8,3081.54956055,2.35641312599,2.1624455452,0.275723397732,3921.22216797,3077.45141602,5555.05664062,2.15205430984,2.27562093735,0.226796984673,5547.68457031,5547.68408203
g1,actor_free_td_lewm_v2_ema_sg_g1,V2-EMA-SG-G1 Coupled Hybrid Neighbor Action Advantage,9,3033.14282227,2.28349900246,2.0992872715,0.256020307541,3855.64648438,3029.14868164,4786.66064453,2.12148809433,2.15063977242,0.137930139899,4779.65869141,4779.65869141
g1,actor_free_td_lewm_v2_ema_sg_g1,V2-EMA-SG-G1 Coupled Hybrid Neighbor Action Advantage,10,3179.09716797,2.22292160988,2.0539996624,0.248625710607,4008.9921875,3175.26391602,4833.78808594,2.0216524601,2.16628980637,0.306312859058,4826.60644531,4826.60595703
g2,actor_free_td_lewm_v2_ema_sg_g2,V2-EMA-SG-G2 Coupled Hybrid Prefix-Mean Advantage,1,1848.4699707,0.795008420944,0.601356446743,0.216413766146,3109.46826172,2934.09887695,4413.57324219,1.11776745319,1.05014824867,0.261573135853,4405.95654297,4452.04003906
g2,actor_free_td_lewm_v2_ema_sg_g2,V2-EMA-SG-G2 Coupled Hybrid Prefix-Mean Advantage,2,4357.15332031,1.62193274498,1.33699738979,0.292382746935,4931.90673828,4354.12207031,6675.9296875,1.67424607277,1.5203139782,0.191028207541,6668.02490234,6023.26123047
g2,actor_free_td_lewm_v2_ema_sg_g2,V2-EMA-SG-G2 Coupled Hybrid Prefix-Mean Advantage,3,5599.39990234,2.09946131706,1.75464868546,0.357447683811,6647.38720703,5595.51904297,9147.5,2.03014016151,1.98368799686,0.372189432383,9139.0234375,8324.1171875
g2,actor_free_td_lewm_v2_ema_sg_g2,V2-EMA-SG-G2 Coupled Hybrid Prefix-Mean Advantage,4,5729.07519531,2.31210947037,1.97404444218,0.360793530941,6998.55957031,5724.89550781,9081.0390625,2.12886428833,2.07879590988,0.21940267086,9072.6640625,8341.35253906
g2,actor_free_td_lewm_v2_ema_sg_g2,V2-EMA-SG-G2 Coupled Hybrid Prefix-Mean Advantage,5,5405.46875,2.32258844376,2.02470135689,0.335260242224,6598.50341797,5401.25292969,8495.09570312,2.25273656845,2.11213994026,0.204326853156,8487.1484375,7610.37207031
g2,actor_free_td_lewm_v2_ema_sg_g2,V2-EMA-SG-G2 Coupled Hybrid Prefix-Mean Advantage,6,5066.11230469,2.32935261726,2.06843757629,0.311915546656,6148.87597656,5061.92724609,7331.33300781,2.0931994915,2.32375311852,0.238830536604,7323.28417969,6387.00683594
g2,actor_free_td_lewm_v2_ema_sg_g2,V2-EMA-SG-G2 Coupled Hybrid Prefix-Mean Advantage,7,4551.24316406,2.31968474388,2.08115768433,0.290159314871,5510.52587891,4547.09423828,7069.24658203,2.05983257294,2.13066577911,0.198489189148,7061.21289062,6240.03662109
g2,actor_free_td_lewm_v2_ema_sg_g2,V2-EMA-SG-G2 Coupled Hybrid Prefix-Mean Advantage,8,4170.31884766,2.27728033066,2.05891823769,0.266470909119,5139.26757812,4166.30078125,6551.06152344,2.09110426903,2.20721578598,0.21451947093,6543.44677734,5415.28320312
g2,actor_free_td_lewm_v2_ema_sg_g2,V2-EMA-SG-G2 Coupled Hybrid Prefix-Mean Advantage,9,4186.13183594,2.2120950222,2.00957202911,0.245509505272,5040.21582031,4182.24511719,5931.66015625,2.0235080719,2.02990293503,0.126084119081,5924.56542969,4880.44091797
g2,actor_free_td_lewm_v2_ema_sg_g2,V2-EMA-SG-G2 Coupled Hybrid Prefix-Mean Advantage,10,4404.54541016,2.15370202065,1.95972836018,0.241946563125,5301.47460938,4400.80761719,5881.15820312,1.90535700321,2.1410844326,0.244518369436,5873.87353516,4841.11767578
g3,actor_free_td_lewm_v2_ema_sg_g3,V2-EMA-SG-G3 Coupled Hybrid Prefix-Marginal Advantage,1,1784.45336914,0.782793521881,0.591388165951,0.215066060424,3218.40283203,2885.89257812,4692.79589844,1.1123714447,1.03199076653,0.318741828203,4684.79589844,4517.31787109
g3,actor_free_td_lewm_v2_ema_sg_g3,V2-EMA-SG-G3 Coupled Hybrid Prefix-Marginal Advantage,2,4073.69238281,1.60013949871,1.30369305611,0.301660329103,4962.26611328,4070.55297852,7184.35400391,1.65637183189,1.51163029671,0.22067129612,7176.46630859,6019.68652344
g3,actor_free_td_lewm_v2_ema_sg_g3,V2-EMA-SG-G3 Coupled Hybrid Prefix-Marginal Advantage,3,5035.75195312,2.02703619003,1.68385672569,0.351215779781,6508.72167969,5031.89697266,9154.19921875,1.93663358688,1.80228376389,0.38603925705,9145.37402344,7625.23144531
g3,actor_free_td_lewm_v2_ema_sg_g3,V2-EMA-SG-G3 Coupled Hybrid Prefix-Marginal Advantage,4,5033.12695312,2.21649026871,1.88349723816,0.355982869864,6728.07324219,5029.04150391,9259.921875,2.03887271881,2.03224086761,0.244196802378,9251.44042969,7623.01904297
g3,actor_free_td_lewm_v2_ema_sg_g3,V2-EMA-SG-G3 Coupled Hybrid Prefix-Marginal Advantage,5,4618.22509766,2.2187333107,1.93534827232,0.322721093893,6225.40917969,4614.16894531,8196.15917969,2.07094192505,2.01739859581,0.198835596442,8188.16943359,6507.31445312
g3,actor_free_td_lewm_v2_ema_sg_g3,V2-EMA-SG-G3 Coupled Hybrid Prefix-Marginal Advantage,6,4170.23388672,2.20761322975,1.95788061619,0.301088154316,5621.10986328,4166.26025391,6900.95263672,1.92034816742,2.06303143501,0.227007210255,6893.43896484,5354.45898438
g3,actor_free_td_lewm_v2_ema_sg_g3,V2-EMA-SG-G3 Coupled Hybrid Prefix-Marginal Advantage,7,3780.62988281,2.14844918251,1.92652153969,0.276814490557,5038.93652344,3776.81567383,7146.81835938,2.0252995491,2.08808732033,0.183377817273,7138.86376953,5719.9140625
g3,actor_free_td_lewm_v2_ema_sg_g3,V2-EMA-SG-G3 Coupled Hybrid Prefix-Marginal Advantage,8,3259.35571289,2.09592103958,1.89705276489,0.251822710037,4456.22705078,3255.70751953,6075.25585938,1.95972800255,2.07560777664,0.220300361514,6067.93554688,4620.39306641
g3,actor_free_td_lewm_v2_ema_sg_g3,V2-EMA-SG-G3 Coupled Hybrid Prefix-Marginal Advantage,9,3343.9152832,2.03653240204,1.85033333302,0.234611153603,4454.68164062,3340.38867188,5418.99609375,1.9072445631,1.92899084091,0.153496325016,5412.04980469,4095.90258789
g3,actor_free_td_lewm_v2_ema_sg_g3,V2-EMA-SG-G3 Coupled Hybrid Prefix-Marginal Advantage,10,3606.91113281,1.98541426659,1.80913960934,0.22779558599,4794.80224609,3603.51245117,5335.92822266,1.82132422924,1.98822140694,0.224207103252,5328.92871094,4050.38256836
