variant,method_id,method_label,epoch,global_step,train/base_hybrid_td_loss_epoch,train/compressed_cache_gib_epoch,train/ema_next_action_embedding_mean_epoch,train/goal_offset_mean_epoch,train/goal_task_fraction_epoch,train/loss_epoch,train/method_hybrid_td_loss_epoch,train/online_action_embedding_mean_epoch,train/predicted_advantage_mean_epoch,train/predicted_base_td_loss_epoch,train/predicted_goal_projection_loss_epoch,train/predicted_goal_score_residual_mean_epoch,train/predicted_method_td_loss_epoch,train/predicted_neighbor_objective_available_epoch,train/predicted_weight_mean_epoch,train/predicted_weight_std_epoch,train/prediction_loss_epoch,train/random_task_fraction_epoch,train/real_advantage_mean_epoch,train/real_base_td_loss_epoch,train/real_goal_projection_loss_epoch,train/real_goal_score_residual_mean_epoch,train/real_method_td_loss_epoch,train/real_neighbor_objective_available_epoch,train/real_weight_mean_epoch,train/real_weight_std_epoch,train/sigreg_loss_epoch,train/td_pairs_epoch,train/td_weight_scale_epoch,train/terminal_fraction_epoch,train/unique_episodes_per_batch_epoch,validation/base_hybrid_td_loss,validation/ema_next_action_embedding_mean,validation/goal_offset_mean,validation/goal_task_fraction,validation/loss,validation/method_hybrid_td_loss,validation/online_action_embedding_mean,validation/predicted_advantage_mean,validation/predicted_base_td_loss,validation/predicted_goal_projection_loss,validation/predicted_goal_score_residual_mean,validation/predicted_method_td_loss,validation/predicted_neighbor_objective_available,validation/predicted_weight_mean,validation/predicted_weight_std,validation/prediction_loss,validation/random_task_fraction,validation/real_advantage_mean,validation/real_base_td_loss,validation/real_goal_projection_loss,validation/real_goal_score_residual_mean,validation/real_method_td_loss,validation/real_neighbor_objective_available,validation/real_weight_mean,validation/real_weight_std,validation/sigreg_loss,validation/td_pairs,validation/td_weight_scale,validation/terminal_fraction
c,actor_free_td_lewm_v2_c,V2-C Coupled Hybrid Goal-Projected TD,1,12796,2785.9111328125,2.172938346862793,-0.23351253569126129,4.500269889831543,0.50036531686782837,9738.6767578125,14482.759765625,-0.23341599106788635,,1224.731201171875,5662.1435546875,-0.74465745687484741,6886.84912109375,,,,0.42926615476608276,0.49963465332984924,,1561.1768798828125,6034.69580078125,-1.484559178352356,7595.84619140625,,,,8.3327627182006836,120,0.75003910064697266,0.00061672687297686934,8,1989.5672607421875,-0.23117728531360626,4.5017452239990234,0.49979826807975769,1994.6571044921875,14431.634765625,-0.2302764356136322,,825.7340087890625,5716.1982421875,3.6953814029693604,6541.9296875,,,,0.72465771436691284,0.5002017617225647,,1163.8260498046875,6725.9111328125,2.7107377052307129,7889.71484375,,,,48.578121185302734,120,1,0.0006230499129742384
c,actor_free_td_lewm_v2_c,V2-C Coupled Hybrid Goal-Projected TD,2,25592,1731.3338623046875,2.1563630104064941,-0.22455067932605743,4.4954051971435547,0.50005781650543213,12606.6708984375,12604.267578125,-0.22548931837081909,,656.64990234375,5252.90478515625,0.79788631200790405,5909.58056640625,,,,0.90253591537475586,0.49994221329689026,,1074.685546875,5620.013671875,0.26345974206924438,6694.66259765625,,,,17.001996994018555,120,1,0.00062584428815171123,8,1351.6397705078125,-0.23391902446746826,4.5017452239990234,0.49979826807975769,1357.4609375,13830.259765625,-0.23557031154632568,,602.1649169921875,6072.53759765625,-12.178376197814941,6674.7177734375,,,,1.0358753204345703,0.5002017617225647,,749.475830078125,6406.10693359375,-11.726008415222168,7155.57568359375,,,,53.204822540283203,120,1,0.0006230499129742384
c,actor_free_td_lewm_v2_c,V2-C Coupled Hybrid Goal-Projected TD,3,38388,1356.70849609375,2.1602053642272949,-0.21502378582954407,4.4980039596557617,0.49974268674850464,13152.681640625,13149.5556640625,-0.21569523215293884,,502.32916259765625,5745.1318359375,1.1254611015319824,6247.4765625,,,,1.1881160736083984,0.50025737285614014,,854.37689208984375,6047.685546875,0.69106197357177734,6902.0517578125,,,,21.861196517944336,120,1,0.00062128528952598572,8,1289.4168701171875,-0.21878373622894287,4.5017452239990234,0.49979826807975769,1296.1767578125,14640.1064453125,-0.21853059530258179,,540.64813232421875,6486.65771484375,-17.05351448059082,7027.30810546875,,,,1.3879904747009277,0.5002017617225647,,748.76666259765625,6864.01953125,-15.498682975769043,7612.7978515625,,,,59.719711303710938,120,1,0.0006230499129742384
c,actor_free_td_lewm_v2_c,V2-C Coupled Hybrid Goal-Projected TD,4,51184,1220.8577880859375,2.161369800567627,-0.1984725147485733,4.4986062049865723,0.49965539574623108,13361.5126953125,13358.0439453125,-0.19927285611629486,,445.79348754882812,5930.95849609375,1.2822929620742798,6376.74951171875,,,,1.4141949415206909,0.50034463405609131,,775.06866455078125,6206.22021484375,0.9049409031867981,6981.30224609375,,,,23.039884567260742,120,1,0.00062193686608225107,8,1222.83837890625,-0.20232886075973511,4.5017452239990234,0.49979826807975769,1229.47119140625,14800.03125,-0.20362572371959686,,537.57147216796875,6680.46826171875,-17.898120880126953,7218.04345703125,,,,1.5754842758178711,0.5002017617225647,,685.27044677734375,6896.72265625,-16.262645721435547,7582.0029296875,,,,56.112018585205078,120,1,0.0006230499129742384
c,actor_free_td_lewm_v2_c,V2-C Coupled Hybrid Goal-Projected TD,5,63980,1065.3389892578125,2.1678235530853271,-0.19056048989295959,4.4956426620483398,0.49968770146369934,12502.79296875,12498.9580078125,-0.19155895709991455,,394.14837646484375,5599.228515625,1.2903165817260742,5993.3916015625,,,,1.5451462268829346,0.50031238794326782,,671.189453125,5834.40283203125,1.031015157699585,6505.6240234375,,,,24.613306045532227,120,1,0.00061802956042811275,8,1009.5697021484375,-0.19382235407829285,4.5017452239990234,0.49979826807975769,1016.2947387695312,12573.193359375,-0.19484987854957581,,426.19937133789062,5675.49951171875,1.8553599119186401,6101.7119140625,,,,1.623134970664978,0.5002017617225647,,583.36981201171875,5888.0771484375,2.9487643241882324,6471.4462890625,,,,56.709083557128906,120,1,0.0006230499129742384
c,actor_free_td_lewm_v2_c,V2-C Coupled Hybrid Goal-Projected TD,6,76776,960.27069091796875,2.1641972064971924,-0.18551810085773468,4.4991860389709473,0.50002747774124146,11619.2109375,11615.205078125,-0.18659020960330963,,356.9677734375,5222.99755859375,1.2945436239242554,5579.982421875,,,,1.6285083293914795,0.49997252225875854,,603.30224609375,5431.94677734375,1.0874115228652954,6035.24365234375,,,,26.235288619995117,120,1,0.00062584446277469397,8,883.36151123046875,-0.18675178289413452,4.5017452239990234,0.49979826807975769,890.19451904296875,12008.0009765625,-0.18790136277675629,,366.65060424804688,5501.22900390625,-4.4162068367004395,5867.87548828125,,,,1.6649104356765747,0.5002017617225647,,516.7117919921875,5623.41015625,-0.59866082668304443,6140.1552734375,,,,57.371421813964844,120,1,0.0006230499129742384
c,actor_free_td_lewm_v2_c,V2-C Coupled Hybrid Goal-Projected TD,7,89572,865.76641845703125,2.1628201007843018,-0.18005099892616272,4.501929759979248,0.50007057189941406,11069.927734375,11065.798828125,-0.18100389838218689,,322.1226806640625,5012.04931640625,1.3146734237670898,5334.1669921875,,,,1.6788321733474731,0.49992945790290833,,543.64697265625,5187.95556640625,1.1438050270080566,5731.60546875,,,,27.746591567993164,120,1,0.00061802973505109549,8,811.69482421875,-0.17996715009212494,4.5017452239990234,0.49979826807975769,818.50555419921875,11249.88671875,-0.18150360882282257,,340.67562866210938,5141.1201171875,-6.1336760520935059,5481.79296875,,,,1.7166774272918701,0.5002017617225647,,471.01846313476562,5297.09765625,-4.3373417854309082,5768.1005859375,,,,56.584747314453125,120,1,0.0006230499129742384
c,actor_free_td_lewm_v2_c,V2-C Coupled Hybrid Goal-Projected TD,8,102368,811.1572265625,2.1571743488311768,-0.17485666275024414,4.5029149055480957,0.50040566921234131,11190.4921875,11186.185546875,-0.17592114210128784,,301.2098388671875,5107.3369140625,1.434903621673584,5408.5419921875,,,,1.7289489507675171,0.49959442019462585,,509.94625854492188,5267.66845703125,1.2787095308303833,5777.62353515625,,,,28.996736526489258,120,1,0.0006258441717363894,8,748.51104736328125,-0.1732352077960968,4.5017452239990234,0.49979826807975769,755.30096435546875,10619.4892578125,-0.17417658865451813,,304.86239624023438,4849.01513671875,-3.9556076526641846,5153.86572265625,,,,1.7994482517242432,0.5002017617225647,,443.649658203125,5021.93994140625,-1.9498234987258911,5465.5947265625,,,,55.457252502441406,120,1,0.0006230499129742384
c,actor_free_td_lewm_v2_c,V2-C Coupled Hybrid Goal-Projected TD,9,115164,779.80682373046875,2.1707074642181396,-0.17010152339935303,4.4993810653686523,0.49970301985740662,9926.6142578125,9922.310546875,-0.17114974558353424,,287.48373413085938,4495.31640625,1.282561182975769,4782.7822265625,,,,1.7314877510070801,0.500296950340271,,492.323486328125,4647.21142578125,1.1837825775146484,5139.50537109375,,,,28.641607284545898,120,1,0.00061737815849483013,8,686.18121337890625,-0.17010572552680969,4.5017452239990234,0.49979826807975769,692.82574462890625,9795.73828125,-0.17130866646766663,,273.96517944335938,4480.98876953125,-1.2013118267059326,4754.958984375,,,,1.8007299900054932,0.5002017617225647,,412.21487426757812,4628.57373046875,0.24937137961387634,5040.78125,,,,53.8431396484375,120,1,0.0006230499129742384
c,actor_free_td_lewm_v2_c,V2-C Coupled Hybrid Goal-Projected TD,10,127960,783.31683349609375,2.1633486747741699,-0.16868019104003906,4.502997875213623,0.50024294853210449,10243.14453125,10238.8447265625,-0.16977709531784058,,289.65908813476562,4650.8740234375,1.3937007188796997,4940.54541015625,,,,1.726842999458313,0.49975699186325073,,493.6566162109375,4804.62158203125,1.2236729860305786,5298.28564453125,,,,29.029462814331055,120,1,0.00062323926249518991,8,737.1136474609375,-0.16896910965442657,4.5017452239990234,0.49979826807975769,743.9375,10234.8359375,-0.17006717622280121,,285.72103881835938,4651.2626953125,-0.76917022466659546,4936.97216796875,,,,1.8485292196273804,0.5002017617225647,,451.39443969726562,4846.4716796875,-0.95453393459320068,5297.85888671875,,,,55.269737243652344,120,1,0.0006230499129742384
d,actor_free_td_lewm_v2_d,V2-D Coupled Hybrid Goal-Value Weighted TD,1,12796,3705.801513671875,2.1729013919830322,-0.22421008348464966,4.500269889831543,0.50036531686782837,1701.331298828125,2937.810791015625,-0.22393503785133362,,1693.7586669921875,,,1349.6114501953125,,1,5.4197702407836914,0.62766313552856445,0.49963465332984924,,2012.0526123046875,,,1588.2064208984375,,1,5.4197702407836914,12.268946647644043,120,0.75003910064697266,0.00061672687297686934,8,5688.41845703125,-0.21076080203056335,4.5017452239990234,0.49979826807975769,5696.14892578125,4715.42626953125,-0.20889420807361603,,2918.96142578125,,,2417.17431640625,,1,5.362633228302002,1.039794921875,0.5002017617225647,,2769.469970703125,,,2298.260986328125,,1,5.362633228302002,74.304885864257812,120,1,0.0006230499129742384
d,actor_free_td_lewm_v2_d,V2-D Coupled Hybrid Goal-Value Weighted TD,2,25592,5233.72802734375,2.1563670635223389,-0.18104283511638641,4.4954051971435547,0.50005781650543213,3247.39208984375,3244.3232421875,-0.18156576156616211,,2244.864013671875,,,1413.4996337890625,,1,5.4194159507751465,1.3235584497451782,0.49994221329689026,,2988.86279296875,,,1830.822265625,,1,5.4194159507751465,19.325061798095703,120,1,0.00062584428815171123,8,8327.21484375,-0.18717311322689056,4.5017452239990234,0.49979826807975769,8335.3896484375,6440.40625,-0.18950934708118439,,4393.193359375,,,3443.268798828125,,1,5.3753609657287598,1.4772146940231323,0.5002017617225647,,3934.065673828125,,,2997.141845703125,,1,5.3753609657287598,74.28564453125,120,1,0.0006230499129742384
d,actor_free_td_lewm_v2_d,V2-D Coupled Hybrid Goal-Value Weighted TD,3,38388,6194.84130859375,2.1602339744567871,-0.16053314507007599,4.4980039596557617,0.49974268674850464,3661.963134765625,3658.44775390625,-0.16115486621856689,,2685.515380859375,,,1609.0555419921875,,1,5.4187140464782715,1.6689671277999878,0.50025737285614014,,3509.32421875,,,2049.400634765625,,1,5.4187140464782715,20.535747528076172,120,1,0.00062128528952598572,8,10340.4208984375,-0.16781206429004669,4.5017452239990234,0.49979826807975769,10349.1513671875,7642.01953125,-0.17058911919593811,,5226.748046875,,,3921.1025390625,,1,5.3775701522827148,1.898371696472168,0.5002017617225647,,5113.6669921875,,,3720.906494140625,,1,5.3775701522827148,75.583488464355469,120,1,0.0006230499129742384
d,actor_free_td_lewm_v2_d,V2-D Coupled Hybrid Goal-Value Weighted TD,4,51184,5795.6044921875,2.1614024639129639,-0.14388158917427063,4.4986062049865723,0.49965539574623108,3418.279541015625,3414.807373046875,-0.14452105760574341,,2472.083740234375,,,1472.5809326171875,,1,5.418999195098877,1.7895205020904541,0.50034463405609131,,3323.52392578125,,,1942.238525390625,,1,5.418999195098877,18.641958236694336,120,1,0.00062193686608225107,8,9438.8232421875,-0.1503111869096756,4.5017452239990234,0.49979826807975769,9446.1474609375,7690.18359375,-0.14991113543510437,,4873.31982421875,,,4033.03271484375,,1,5.3806500434875488,1.864271879196167,0.5002017617225647,,4565.49853515625,,,3657.146240234375,,1,5.3806500434875488,60.815216064453125,120,1,0.0006230499129742384
d,actor_free_td_lewm_v2_d,V2-D Coupled Hybrid Goal-Value Weighted TD,5,63980,5162.89697265625,2.1677780151367188,-0.14348126947879791,4.4956426620483398,0.49968770146369934,3126.634033203125,3123.26513671875,-0.14458662271499634,,2300.38818359375,,,1417.1796875,,1,5.4182415008544922,1.8005173206329346,0.50031238794326782,,2862.495361328125,,,1706.0814208984375,,1,5.4182415008544922,17.547094345092773,120,1,0.00061802956042811275,8,7978.1455078125,-0.15112948417663574,4.5017452239990234,0.49979826807975769,7985.4296875,6210.3642578125,-0.15375390648841858,,3976.767333984375,,,3275.013427734375,,1,5.3808574676513672,1.8532249927520752,0.5002017617225647,,4001.374267578125,,,2935.374267578125,,1,5.3808574676513672,60.477851867675781,120,1,0.0006230499129742384
d,actor_free_td_lewm_v2_d,V2-D Coupled Hybrid Goal-Value Weighted TD,6,76776,4601.15087890625,2.1641764640808105,-0.14467647671699524,4.4991860389709473,0.50002747774124146,2812.25830078125,2808.9990234375,-0.14580278098583221,,2029.680419921875,,,1257.8209228515625,,1,5.4234771728515625,1.8019576072692871,0.49997252225875854,,2571.45947265625,,,1551.1810302734375,,1,5.4234771728515625,16.254987716674805,120,1,0.00062584446277469397,8,6102.5419921875,-0.15001697838306427,4.5017452239990234,0.49979826807975769,6109.56494140625,4456.138671875,-0.1508500725030899,,2999.03076171875,,,2231.319580078125,,1,5.3784384727478027,1.8568258285522461,0.5002017617225647,,3103.512451171875,,,2224.822998046875,,1,5.3784384727478027,57.34417724609375,120,1,0.0006230499129742384
d,actor_free_td_lewm_v2_d,V2-D Coupled Hybrid Goal-Value Weighted TD,7,89572,4165.2421875,2.1628608703613281,-0.14286957681179047,4.501929759979248,0.50007057189941406,2538.06396484375,2534.9638671875,-0.14383728802204132,,1839.773193359375,,,1138.776611328125,,1,5.4240822792053223,1.7574228048324585,0.49992945790290833,,2325.467041015625,,,1396.1851806640625,,1,5.4240822792053223,15.001381874084473,120,1,0.00061802973505109549,8,6113.0556640625,-0.14668136835098267,4.5017452239990234,0.49979826807975769,6119.9423828125,4544.1669921875,-0.14800252020359039,,2938.213134765625,,,2175.041015625,,1,5.373258113861084,1.8005269765853882,0.5002017617225647,,3174.846923828125,,,2369.1201171875,,1,5.373258113861084,56.617671966552734,120,1,0.0006230499129742384
d,actor_free_td_lewm_v2_d,V2-D Coupled Hybrid Goal-Value Weighted TD,8,102368,3794.34912109375,2.1571869850158691,-0.14247390627861023,4.5029149055480957,0.50040566921234131,2328.56787109375,2325.6044921875,-0.14353266358375549,,1650.57763671875,,,1036.829345703125,,1,5.4251646995544434,1.7079131603240967,0.49959442019462585,,2143.7607421875,,,1288.7791748046875,,1,5.4251646995544434,13.921171188354492,120,1,0.0006258441717363894,8,5942.01123046875,-0.14189420640468597,4.5017452239990234,0.49979826807975769,5948.58544921875,4838.71826171875,-0.14276379346847534,,3035.552978515625,,,2586.9462890625,,1,5.3743071556091309,1.8203167915344238,0.5002017617225647,,2906.453857421875,,,2251.769775390625,,1,5.3743071556091309,52.640346527099609,120,1,0.0006230499129742384
d,actor_free_td_lewm_v2_d,V2-D Coupled Hybrid Goal-Value Weighted TD,9,115164,3706.35693359375,2.1706907749176025,-0.14123217761516571,4.4993810653686523,0.49970301985740662,2269.1640625,2266.306396484375,-0.14229941368103027,,1643.7999267578125,,,1027.9488525390625,,1,5.4160265922546387,1.6754806041717529,0.500296950340271,,2062.536865234375,,,1238.3624267578125,,1,5.4160265922546387,13.00266170501709,120,1,0.00061737815849483013,8,4974.3310546875,-0.1411653459072113,4.5017452239990234,0.49979826807975769,4980.5712890625,3368.85205078125,-0.14191968739032745,,2424.038330078125,,,1672.566162109375,,1,5.3751873970031738,1.7618477344512939,0.5002017617225647,,2550.287353515625,,,1696.282470703125,,1,5.3751873970031738,49.828590393066406,120,1,0.0006230499129742384
d,actor_free_td_lewm_v2_d,V2-D Coupled Hybrid Goal-Value Weighted TD,10,127960,3986.101318359375,2.1632702350616455,-0.14006978273391724,4.502997875213623,0.50024294853210449,2559.38427734375,2556.641845703125,-0.14114812016487122,,1813.8189697265625,,,1202.12060546875,,1,5.4220767021179199,1.6456799507141113,0.49975699186325073,,2172.27978515625,,,1354.5185546875,,1,5.4220767021179199,12.218105316162109,120,1,0.00062323926249518991,8,5287.05078125,-0.14030724763870239,4.5017452239990234,0.49979826807975769,5293.64013671875,4470.13427734375,-0.14138160645961761,,2605.635009765625,,,2372.294677734375,,1,5.3771877288818359,1.882207989692688,0.5002017617225647,,2681.40478515625,,,2097.8310546875,,1,5.3771877288818359,52.219272613525391,120,1,0.0006230499129742384
f,actor_free_td_lewm_v2_f,V2-F Coupled Hybrid Same-Future Advantage,1,12796,3768.160400390625,2.172938346862793,-0.22277668118476868,4.500269889831543,0.50036531686782837,1759.28857421875,2969.101318359375,-0.22246645390987396,1400.65673828125,1711.381103515625,,,1357.822021484375,,1,5.315666675567627,0.63675785064697266,0.49963465332984924,1400.65673828125,2056.7685546875,,,1611.2838134765625,,1,5.315666675567627,12.52217960357666,120,0.75003910064697266,0.00061672687297686934,8,5662.28564453125,-0.21226008236408234,4.5017452239990234,0.49979826807975769,5670.5849609375,4901.88330078125,-0.21182812750339508,652.54266357421875,2841.355712890625,,,2523.8173828125,,1,5.1418371200561523,1.0706839561462402,0.5002017617225647,652.54266357421875,2820.92431640625,,,2378.044189453125,,1,5.1418371200561523,80.553665161132812,120,1,0.0006230499129742384
f,actor_free_td_lewm_v2_f,V2-F Coupled Hybrid Same-Future Advantage,2,25592,5474.849609375,2.1563014984130859,-0.18068680167198181,4.4954051971435547,0.50005781650543213,3464.84814453125,3461.775634765625,-0.18098543584346771,2436.88330078125,2334.5654296875,,,1495.7933349609375,,1,5.2742819786071777,1.3167867660522461,0.49994221329689026,2436.88330078125,3140.278564453125,,,1965.9725341796875,,1,5.2742819786071777,19.593051910400391,120,1,0.00062584428815171123,8,8224.0966796875,-0.17971725761890411,4.5017452239990234,0.49979826807975769,8231.982421875,6441.091796875,-0.18286418914794922,861.355224609375,4410.47314453125,,,3472.38720703125,,1,5.1491899490356445,1.4979637861251831,0.5002017617225647,861.355224609375,3813.619140625,,,2968.70458984375,,1,5.1491899490356445,70.949272155761719,120,1,0.0006230499129742384
f,actor_free_td_lewm_v2_f,V2-F Coupled Hybrid Same-Future Advantage,3,38388,6598.853515625,2.1601152420043945,-0.15925405919551849,4.4980039596557617,0.49974268674850464,4075.2275390625,4071.724365234375,-0.15984949469566345,2869.197265625,2843.67041015625,,,1778.3602294921875,,1,5.2707676887512207,1.6486858129501343,0.50025737285614014,2869.197265625,3755.210693359375,,,2293.360595703125,,1,5.2707676887512207,20.715429306030273,120,1,0.00062128528952598572,8,10382.9375,-0.16886159777641296,4.5017452239990234,0.49979826807975769,10391.642578125,8095.8623046875,-0.17212265729904175,928.60516357421875,5300.00830078125,,,4206.783203125,,1,5.1321892738342285,1.8802344799041748,0.5002017617225647,928.60516357421875,5082.958984375,,,3889.094482421875,,1,5.1321892738342285,75.697982788085938,120,1,0.0006230499129742384
f,actor_free_td_lewm_v2_f,V2-F Coupled Hybrid Same-Future Advantage,4,51184,6291.78125,2.1614065170288086,-0.14569574594497681,4.4986062049865723,0.49965539574623108,3800.245361328125,3796.743896484375,-0.14625480771064758,2847.35595703125,2663.912353515625,,,1630.5494384765625,,1,5.2672228813171387,1.7914392948150635,0.50034463405609131,2847.35595703125,3627.854736328125,,,2166.195556640625,,1,5.2672228813171387,18.895748138427734,120,1,0.00062193686608225107,8,9058.01953125,-0.15082316100597382,4.5017452239990234,0.49979826807975769,9065.62109375,7597.95361328125,-0.1498466283082962,877.02520751953125,4705.2041015625,,,4093.9072265625,,1,5.1681032180786133,1.8676546812057495,0.5002017617225647,877.02520751953125,4352.8212890625,,,3504.031494140625,,1,5.1681032180786133,63.544887542724609,120,1,0.0006230499129742384
f,actor_free_td_lewm_v2_f,V2-F Coupled Hybrid Same-Future Advantage,5,63980,5408.357421875,2.1677534580230713,-0.14537551999092102,4.4956426620483398,0.49968770146369934,3311.93505859375,3308.46484375,-0.14637218415737152,2574.65087890625,2393.60107421875,,,1488.713134765625,,1,5.2801532745361328,1.8373335599899292,0.50031238794326782,2574.65087890625,3014.757080078125,,,1819.7491455078125,,1,5.2801532745361328,18.158124923706055,120,1,0.00061802956042811275,8,7692.7822265625,-0.15125285089015961,4.5017452239990234,0.49979826807975769,7700.01025390625,5927.166015625,-0.15270042419433594,827.04705810546875,3904.8056640625,,,3091.497802734375,,1,5.1860699653625488,1.8372688293457031,0.5002017617225647,827.04705810546875,3787.97705078125,,,2835.69287109375,,1,5.1860699653625488,60.03887939453125,120,1,0.0006230499129742384
f,actor_free_td_lewm_v2_f,V2-F Coupled Hybrid Same-Future Advantage,6,76776,4799.4033203125,2.1641683578491211,-0.14494572579860687,4.4991860389709473,0.50002747774124146,2935.845458984375,2932.522705078125,-0.14599841833114624,2364.1025390625,2103.754150390625,,,1312.8243408203125,,1,5.3063364028930664,1.8092484474182129,0.49997252225875854,2364.1025390625,2695.652099609375,,,1619.701416015625,,1,5.3063364028930664,16.770612716674805,120,1,0.00062584446277469397,8,6126.68115234375,-0.15160849690437317,4.5017452239990234,0.49979826807975769,6134.033203125,4612.275390625,-0.15331205725669861,796.36993408203125,3029.5126953125,,,2281.332275390625,,1,5.1637692451477051,1.9571447372436523,0.5002017617225647,796.36993408203125,3097.180419921875,,,2330.9462890625,,1,5.1637692451477051,59.775001525878906,120,1,0.0006230499129742384
f,actor_free_td_lewm_v2_f,V2-F Coupled Hybrid Same-Future Advantage,7,89572,4261.15380859375,2.1627423763275146,-0.14488875865936279,4.501929759979248,0.50007057189941406,2588.22021484375,2585.06396484375,-0.14574195444583893,2245.294677734375,1874.7451171875,,,1152.7188720703125,,1,5.3060293197631836,1.7870460748672485,0.49992945790290833,2245.294677734375,2386.41748046875,,,1432.3399658203125,,1,5.3060293197631836,15.244387626647949,120,1,0.00061802973505109549,8,6242.2529296875,-0.14674131572246552,4.5017452239990234,0.49979826807975769,6249.2578125,4744.8115234375,-0.14811857044696808,813.8221435546875,3171.61767578125,,,2467.05126953125,,1,5.1448421478271484,1.7676016092300415,0.5002017617225647,813.8221435546875,3070.643798828125,,,2277.751220703125,,1,5.1448421478271484,58.020729064941406,120,1,0.0006230499129742384
f,actor_free_td_lewm_v2_f,V2-F Coupled Hybrid Same-Future Advantage,8,102368,3912.35888671875,2.1571419239044189,-0.14378127455711365,4.5029149055480957,0.50040566921234131,2346.344482421875,2343.342529296875,-0.14477169513702393,2160.422607421875,1688.024658203125,,,1021.2376708984375,,1,5.3140649795532227,1.7380198240280151,0.49959442019462585,2160.422607421875,2224.32373046875,,,1322.1025390625,,1,5.3140649795532227,14.002115249633789,120,1,0.0006258441717363894,8,5962.537109375,-0.14322488009929657,4.5017452239990234,0.49979826807975769,5969.14599609375,4614.625,-0.14365015923976898,775.2047119140625,3055.690673828125,,,2463.939453125,,1,5.185328483581543,1.8466324806213379,0.5002017617225647,775.2047119140625,2906.86181640625,,,2150.680419921875,,1,5.185328483581543,52.883560180664062,120,1,0.0006230499129742384
f,actor_free_td_lewm_v2_f,V2-F Coupled Hybrid Same-Future Advantage,9,115164,3855.204345703125,2.1706454753875732,-0.14266635477542877,4.4993810653686523,0.49970301985740662,2329.427734375,2326.562255859375,-0.14367267489433289,2132.32080078125,1701.5220947265625,,,1035.6007080078125,,1,5.321526050567627,1.6862291097640991,0.500296950340271,2132.32080078125,2153.68701171875,,,1290.95751953125,,1,5.321526050567627,13.096846580505371,120,1,0.00061737815849483013,8,4973.08935546875,-0.1423332691192627,4.5017452239990234,0.49979826807975769,4979.298828125,3470.904296875,-0.14318867027759552,773.92083740234375,2454.0751953125,,,1739.8594970703125,,1,5.1753931045532227,1.7246332168579102,0.5002017617225647,773.92083740234375,2519.02294921875,,,1731.029052734375,,1,5.1753931045532227,49.742233276367188,120,1,0.0006230499129742384
f,actor_free_td_lewm_v2_f,V2-F Coupled Hybrid Same-Future Advantage,10,127960,4085.219970703125,2.1632249355316162,-0.14126786589622498,4.502997875213623,0.50024294853210449,2498.91796875,2496.126220703125,-0.14228956401348114,2040.3350830078125,1848.783935546875,,,1145.8663330078125,,1,5.3407316207885742,1.6641957759857178,0.49975699186325073,2040.3350830078125,2236.42138671875,,,1350.258056640625,,1,5.3407316207885742,12.566466331481934,120,1,0.00062323926249518991,8,5438.6337890625,-0.14157907664775848,4.5017452239990234,0.49979826807975769,5445.408203125,4416.16162109375,-0.1425960510969162,767.9442138671875,2595.677978515625,,,2101.50830078125,,1,5.179041862487793,1.8845994472503662,0.5002017617225647,767.9442138671875,2842.93896484375,,,2314.660888671875,,1,5.179041862487793,54.506820678710938,120,1,0.0006230499129742384
g1,actor_free_td_lewm_v2_g1,V2-G1 Coupled Hybrid Neighbor Action Advantage,1,12796,3009.8740234375,2.1729302406311035,-0.22442278265953064,4.500269889831543,0.50036531686782837,1711.1041259765625,2679.685791015625,-0.22446520626544952,81.982780456542969,1372.415283203125,,,1257.0091552734375,1,1,,0.67991721630096436,0.49963465332984924,98.293312072753906,1637.46435546875,,,1422.6778564453125,1,1,,12.030417442321777,120,0.75003910064697266,0.00061672687297686934,8,4513.5390625,-0.22081965208053589,4.5017452239990234,0.49979826807975769,4521.70947265625,4513.5390625,-0.22147276997566223,,2238.590576171875,,,2238.590576171875,0,,,1.2047491073608398,0.5002017617225647,,2274.95703125,,,2274.95703125,0,,,77.262138366699219,120,1,0.0006230499129742384
g1,actor_free_td_lewm_v2_g1,V2-G1 Coupled Hybrid Neighbor Action Advantage,2,25592,4642.8427734375,2.1562769412994385,-0.19993193447589874,4.4954051971435547,0.50005781650543213,4125.5654296875,4122.49609375,-0.20093567669391632,165.53196716308594,2024.49169921875,,,1878.303955078125,1,1,,1.4858460426330566,0.49994221329689026,233.07283020019531,2618.358642578125,,,2244.194091796875,1,1,,17.613502502441406,120,1,0.00062584428815171123,8,6638.5625,-0.20534542202949524,4.5017452239990234,0.49979826807975769,6646.7236328125,6638.56201171875,-0.20993435382843018,,3357.2998046875,,,3357.2998046875,0,,,1.8611066341400146,0.5002017617225647,,3281.271728515625,,,3281.271728515625,0,,,69.877571105957031,120,1,0.0006230499129742384
g1,actor_free_td_lewm_v2_g1,V2-G1 Coupled Hybrid Neighbor Action Advantage,3,38388,5977.19482421875,2.1602339744567871,-0.18813557922840118,4.4980039596557617,0.49974268674850464,5057.009765625,5053.25341796875,-0.18909229338169098,210.51847839355469,2630.302978515625,,,2401.626708984375,1,1,,1.9331637620925903,0.50025737285614014,318.5673828125,3346.8984375,,,2651.6328125,1,1,,20.18194580078125,120,1,0.00062128528952598572,8,8248.380859375,-0.19524715840816498,4.5017452239990234,0.49979826807975769,8257.7275390625,8248.380859375,-0.19757813215255737,,3879.466796875,,,3879.466796875,0,,,2.450131893157959,0.5002017617225647,,4368.90185546875,,,4368.90185546875,0,,,76.833457946777344,120,1,0.0006230499129742384
g1,actor_free_td_lewm_v2_g1,V2-G1 Coupled Hybrid Neighbor Action Advantage,4,51184,5811.6123046875,2.1613616943359375,-0.1797139048576355,4.4986062049865723,0.49965539574623108,4779.99462890625,4775.96240234375,-0.18058140575885773,226.44209289550781,2527.40185546875,,,2264.421142578125,1,1,,2.1263093948364258,0.50034463405609131,348.0150146484375,3284.205078125,,,2511.54833984375,1,1,,21.153524398803711,120,1,0.00062193686608225107,8,7394.3798828125,-0.18416844308376312,4.5017452239990234,0.49979826807975769,7403.06005859375,7394.37939453125,-0.18560178577899933,,3615.484619140625,,,3615.484619140625,0,,,2.4027559757232666,0.5002017617225647,,3778.86962890625,,,3778.86962890625,0,,,69.803092956542969,120,1,0.0006230499129742384
g1,actor_free_td_lewm_v2_g1,V2-G1 Coupled Hybrid Neighbor Action Advantage,5,63980,5409.79345703125,2.1678111553192139,-0.17982318997383118,4.4956426620483398,0.49968770146369934,4394.2275390625,4390.140625,-0.18104267120361328,236.53224182128906,2415.567626953125,,,2110.635986328125,1,1,,2.1683108806610107,0.50031238794326782,354.10003662109375,2994.2412109375,,,2279.5048828125,1,1,,21.330287933349609,120,1,0.00061802956042811275,8,7626.71533203125,-0.18843121826648712,4.5017452239990234,0.49979826807975769,7634.6943359375,7626.71533203125,-0.19050073623657227,,3723.38330078125,,,3723.38330078125,0,,,2.3572392463684082,0.5002017617225647,,3903.308837890625,,,3903.308837890625,0,,,62.627540588378906,120,1,0.0006230499129742384
g1,actor_free_td_lewm_v2_g1,V2-G1 Coupled Hybrid Neighbor Action Advantage,6,76776,4928.646484375,2.1642303466796875,-0.1798841655254364,4.4991860389709473,0.50002747774124146,3977.48388671875,3973.470703125,-0.18096490204334259,239.08055114746094,2198.262451171875,,,1912.942138671875,1,1,,2.1562056541442871,0.49997252225875854,348.48883056640625,2730.38671875,,,2060.521484375,1,1,,20.729978561401367,120,1,0.00062584446277469397,8,5598.04638671875,-0.18065741658210754,4.5017452239990234,0.49979826807975769,5605.8193359375,5598.046875,-0.17968092858791351,,2732.625244140625,,,2732.625244140625,0,,,2.3653190135955811,0.5002017617225647,,2865.427490234375,,,2865.427490234375,0,,,60.130588531494141,120,1,0.0006230499129742384
g1,actor_free_td_lewm_v2_g1,V2-G1 Coupled Hybrid Neighbor Action Advantage,7,89572,4272.4794921875,2.1628243923187256,-0.17513056099414825,4.501929759979248,0.50007057189941406,3434.15380859375,3430.217529296875,-0.17617520689964294,224.72085571289062,1907.8504638671875,,,1654.4193115234375,1,1,,2.1132071018218994,0.49992945790290833,337.55380249023438,2364.619873046875,,,1775.792724609375,1,1,,20.25718879699707,120,1,0.00061802973505109549,8,6217.15966796875,-0.17884112894535065,4.5017452239990234,0.49979826807975769,6224.97119140625,6217.15966796875,-0.18057812750339508,,3036.10498046875,,,3036.10498046875,0,,,2.1803228855133057,0.5002017617225647,,3181.0439453125,,,3181.0439453125,0,,,62.785655975341797,120,1,0.0006230499129742384
g1,actor_free_td_lewm_v2_g1,V2-G1 Coupled Hybrid Neighbor Action Advantage,8,102368,3850.470703125,2.1571907997131348,-0.17470577359199524,4.5029149055480957,0.50040566921234131,3074.825927734375,3071.04345703125,-0.17588801681995392,231.91299438476562,1693.8587646484375,,,1463.7305908203125,1,1,,2.0594751834869385,0.49959442019462585,337.56103515625,2156.609375,,,1607.305908203125,1,1,,19.101873397827148,120,1,0.0006258441717363894,8,5303.88623046875,-0.1733362227678299,4.5017452239990234,0.49979826807975769,5311.322265625,5303.88623046875,-0.17495404183864594,,2596.3544921875,,,2596.3544921875,0,,,2.1803979873657227,0.5002017617225647,,2707.521240234375,,,2707.521240234375,0,,,58.334915161132812,120,1,0.0006230499129742384
g1,actor_free_td_lewm_v2_g1,V2-G1 Coupled Hybrid Neighbor Action Advantage,9,115164,3768.597412109375,2.1706910133361816,-0.1711997389793396,4.4993810653686523,0.49970301985740662,3026.147216796875,3022.438232421875,-0.17234176397323608,222.87222290039062,1680.8701171875,,,1453.2364501953125,1,1,,2.015784740447998,0.500296950340271,327.67129516601562,2087.74951171875,,,1569.2186279296875,1,1,,18.727909088134766,120,1,0.00061737815849483013,8,4424.14453125,-0.17135506868362427,4.5017452239990234,0.49979826807975769,4431.1484375,4424.14501953125,-0.17270170152187347,,2083.722900390625,,,2083.722900390625,0,,,2.0656890869140625,0.5002017617225647,,2340.4150390625,,,2340.4150390625,0,,,54.792579650878906,120,1,0.0006230499129742384
g1,actor_free_td_lewm_v2_g1,V2-G1 Coupled Hybrid Neighbor Action Advantage,10,127960,3944.55078125,2.1633033752441406,-0.17076876759529114,4.502997875213623,0.50024294853210449,3185.1982421875,3181.6240234375,-0.17198000848293304,223.88468933105469,1796.032958984375,,,1560.9312744140625,1,1,,1.977537989616394,0.49975699186325073,324.66683959960938,2148.51708984375,,,1620.691650390625,1,1,,17.786691665649414,120,1,0.00062323926249518991,8,4812.3984375,-0.17113471031188965,4.5017452239990234,0.49979826807975769,4819.66845703125,4812.3984375,-0.17232681810855865,,2323.119140625,,,2323.119140625,0,,,2.0928740501403809,0.5002017617225647,,2489.276123046875,,,2489.276123046875,0,,,57.484169006347656,120,1,0.0006230499129742384
g2,actor_free_td_lewm_v2_g2,V2-G2 Coupled Hybrid Prefix-Mean Advantage,1,12796,3104.873779296875,2.1728930473327637,-0.23419320583343506,4.500269889831543,0.50036531686782837,1821.455322265625,2899.032470703125,-0.23433752357959747,-4.7084817886352539,1418.4217529296875,,,1365.119140625,,1,5.3979663848876953,0.61239218711853027,0.49963465332984924,12.081396102905273,1686.449462890625,,,1533.9132080078125,,1,5.4023442268371582,9.9046125411987305,120,0.75003910064697266,0.00061672687297686934,8,4160.32373046875,-0.23032382130622864,4.5017452239990234,0.49979826807975769,4167.7451171875,4219.1123046875,-0.22872538864612579,16.860910415649414,2109.625,,,2170.20849609375,,1,5.3618302345275879,1.0450830459594727,0.5002017617225647,47.777980804443359,2050.700927734375,,,2048.915771484375,,1,5.369163990020752,70.730209350585938,120,1,0.0006230499129742384
g2,actor_free_td_lewm_v2_g2,V2-G2 Coupled Hybrid Prefix-Mean Advantage,2,25592,4926.982421875,2.1563260555267334,-0.20369403064250946,4.4954051971435547,0.50005781650543213,4306.92041015625,4304.17724609375,-0.20417772233486176,30.241870880126953,2125.42919921875,,,2027.27197265625,,1,5.4177312850952148,1.3352506160736084,0.49994221329689026,83.146217346191406,2801.5615234375,,,2276.8955078125,,1,5.420137882232666,15.898537635803223,120,1,0.00062584428815171123,8,6875.22216796875,-0.20683637261390686,4.5017452239990234,0.49979826807975769,6882.220703125,6193.501953125,-0.20991982519626617,39.311626434326172,3351.481201171875,,,3333.50439453125,,1,5.3846168518066406,1.5349310636520386,0.5002017617225647,111.00625610351562,3523.755126953125,,,2859.98779296875,,1,5.3823027610778809,60.677814483642578,120,1,0.0006230499129742384
g2,actor_free_td_lewm_v2_g2,V2-G2 Coupled Hybrid Prefix-Mean Advantage,3,38388,6599.94287109375,2.1602747440338135,-0.19040785729885101,4.4980039596557617,0.49974268674850464,5583.4150390625,5579.89990234375,-0.19095742702484131,51.231922149658203,2846.906005859375,,,2747.880859375,,1,5.420865535736084,1.754103422164917,0.50025737285614014,129.03718566894531,3753.025634765625,,,2832.01318359375,,1,5.4197897911071777,19.691699981689453,120,1,0.00062128528952598572,8,9522.5947265625,-0.19260856509208679,4.5017452239990234,0.49979826807975769,9531.51953125,8651.4072265625,-0.19500897824764252,58.519073486328125,4896.2451171875,,,4954.81103515625,,1,5.3881864547729492,2.0983774662017822,0.5002017617225647,154.16194152832031,4626.333984375,,,3696.57275390625,,1,5.3776464462280273,75.883049011230469,120,1,0.0006230499129742384
g2,actor_free_td_lewm_v2_g2,V2-G2 Coupled Hybrid Prefix-Mean Advantage,4,51184,6881.5478515625,2.1613903045654297,-0.1767035573720932,4.4986062049865723,0.49965539574623108,5586.3828125,5582.5146484375,-0.1772586852312088,64.228485107421875,2908.811279296875,,,2749.580078125,,1,5.4211983680725098,1.9808878898620605,0.50034463405609131,154.52615356445312,3972.743896484375,,,2832.93212890625,,1,5.420097827911377,21.059169769287109,120,1,0.00062193686608225107,8,10013.0146484375,-0.17849656939506531,4.5017452239990234,0.49979826807975769,10021.1015625,8810.1953125,-0.17979000508785248,68.085296630859375,5002.64111328125,,,4829.30615234375,,1,5.3935222625732422,2.1626296043395996,0.5002017617225647,193.06806945800781,5010.33447265625,,,3980.8642578125,,1,5.3849029541015625,66.195816040039062,120,1,0.0006230499129742384
g2,actor_free_td_lewm_v2_g2,V2-G2 Coupled Hybrid Prefix-Mean Advantage,5,63980,6340.08056640625,2.16780686378479,-0.17417247593402863,4.4956426620483398,0.49968770146369934,5170.14208984375,5166.18603515625,-0.17513400316238403,72.595970153808594,2763.62841796875,,,2604.8994140625,,1,5.4218134880065918,2.0535199642181396,0.50031238794326782,165.55084228515625,3576.473876953125,,,2561.2783203125,,1,5.4203896522521973,21.215570449829102,120,1,0.00061802956042811275,8,8367.7001953125,-0.17719520628452301,4.5017452239990234,0.49979826807975769,8375.9453125,7184.97509765625,-0.17790500819683075,80.390083312988281,4047.40673828125,,,3906.193359375,,1,5.3919367790222168,2.2026047706604004,0.5002017617225647,209.59738159179688,4320.3056640625,,,3278.7705078125,,1,5.3805899620056152,67.0062255859375,120,1,0.0006230499129742384
g2,actor_free_td_lewm_v2_g2,V2-G2 Coupled Hybrid Prefix-Mean Advantage,6,76776,5769.1103515625,2.1642303466796875,-0.17105329036712646,4.4991860389709473,0.50002747774124146,4729.1669921875,4725.24560546875,-0.17199359834194183,71.866714477539062,2484.994140625,,,2391.34716796875,,1,5.4254956245422363,2.0673906803131104,0.49997252225875854,164.19454956054688,3284.126220703125,,,2333.905517578125,,1,5.4245944023132324,20.556301116943359,120,1,0.00062584446277469397,8,6748.3359375,-0.17484638094902039,4.5017452239990234,0.49979826807975769,6756.4541015625,5955.56103515625,-0.17500533163547516,67.903335571289062,3239.499267578125,,,3320.469482421875,,1,5.3951377868652344,2.2585821151733398,0.5002017617225647,168.90081787109375,3508.852294921875,,,2635.068115234375,,1,5.3832101821899414,64.996932983398438,120,1,0.0006230499129742384
g2,actor_free_td_lewm_v2_g2,V2-G2 Coupled Hybrid Prefix-Mean Advantage,7,89572,5177.19384765625,2.1628036499023438,-0.17193247377872467,4.501929759979248,0.50007057189941406,4251.60791015625,4247.77783203125,-0.17277951538562775,67.006095886230469,2223.358154296875,,,2168.362548828125,,1,5.425896167755127,2.0448696613311768,0.49992945790290833,158.57986450195312,2953.839599609375,,,2079.414306640625,,1,5.4244508743286133,19.826541900634766,120,1,0.00061802973505109549,8,6745.38427734375,-0.17222762107849121,4.5017452239990234,0.49979826807975769,6753.8203125,5859.17724609375,-0.17294688522815704,89.677726745605469,3248.64697265625,,,3218.19580078125,,1,5.3926687240600586,2.2135663032531738,0.5002017617225647,205.15716552734375,3496.72265625,,,2640.960205078125,,1,5.3776435852050781,68.805168151855469,120,1,0.0006230499129742384
g2,actor_free_td_lewm_v2_g2,V2-G2 Coupled Hybrid Prefix-Mean Advantage,8,102368,4826.2705078125,2.157170295715332,-0.16829225420951843,4.5029149055480957,0.50040566921234131,3896.41455078125,3892.67236328125,-0.16926516592502594,74.281471252441406,2019.2481689453125,,,1947.1292724609375,,1,5.4298348426818848,2.0254991054534912,0.49959442019462585,161.47848510742188,2807.015380859375,,,1945.542724609375,,1,5.4268522262573242,19.098434448242188,120,1,0.0006258441717363894,8,6310.00439453125,-0.1670878678560257,4.5017452239990234,0.49979826807975769,6317.61865234375,5102.208984375,-0.16752435266971588,89.979324340820312,2995.07373046875,,,2729.923583984375,,1,5.3957500457763672,2.1720099449157715,0.5002017617225647,196.80453491210938,3314.919677734375,,,2372.28369140625,,1,5.3805088996887207,60.580280303955078,120,1,0.0006230499129742384
g2,actor_free_td_lewm_v2_g2,V2-G2 Coupled Hybrid Prefix-Mean Advantage,9,115164,4811.3837890625,2.1707196235656738,-0.1656976044178009,4.4993810653686523,0.49970301985740662,4029.139404296875,4025.50244140625,-0.16664600372314453,71.708793640136719,2044.7808837890625,,,2048.091064453125,,1,5.4223885536193848,1.9801833629608154,0.500296950340271,152.97872924804688,2766.60107421875,,,1977.409912109375,,1,5.4199995994567871,18.355541229248047,120,1,0.00061737815849483013,8,5540.63330078125,-0.16595074534416199,4.5017452239990234,0.49979826807975769,5547.82666015625,4557.4794921875,-0.16684006154537201,77.27105712890625,2569.39892578125,,,2470.14111328125,,1,5.3963713645935059,2.0423471927642822,0.5002017617225647,186.03453063964844,2971.23681640625,,,2087.327880859375,,1,5.3828873634338379,57.323085784912109,120,1,0.0006230499129742384
g2,actor_free_td_lewm_v2_g2,V2-G2 Coupled Hybrid Prefix-Mean Advantage,10,127960,5062.15673828125,2.1632907390594482,-0.16524359583854675,4.502997875213623,0.50024294853210449,4167.16015625,4163.650390625,-0.1662190854549408,74.131477355957031,2219.203857421875,,,2158.932861328125,,1,5.4280366897583008,1.9412853717803955,0.49975699186325073,161.62141418457031,2842.965576171875,,,2004.7156982421875,,1,5.4254007339477539,17.475553512573242,120,1,0.00062323926249518991,8,5692.11328125,-0.16559608280658722,4.5017452239990234,0.49979826807975769,5699.55810546875,4629.13232421875,-0.16657443344593048,84.287712097167969,2607.32958984375,,,2429.5498046875,,1,5.3955345153808594,2.1186943054199219,0.5002017617225647,190.24250793457031,3084.77099609375,,,2199.57177734375,,1,5.3808774948120117,59.201309204101562,120,1,0.0006230499129742384
g3,actor_free_td_lewm_v2_g3,V2-G3 Coupled Hybrid Prefix-Marginal Advantage,1,12796,3207.302978515625,2.1728887557983398,-0.22574841976165771,4.500269889831543,0.50036531686782837,1784.9307861328125,2875.717529296875,-0.22567515075206757,5.6651105880737305,1469.96728515625,,,1383.54248046875,,1,5.3672819137573242,0.58963608741760254,0.49963465332984924,15.305755615234375,1737.3289794921875,,,1492.1817626953125,,1,5.3650250434875488,10.574213027954102,120,0.75003910064697266,0.00061672687297686934,8,4267.91064453125,-0.22066858410835266,4.5017452239990234,0.49979826807975769,4275.47802734375,4157.1103515625,-0.21966457366943359,16.833215713500977,2162.582275390625,,,2176.946044921875,,1,5.3202805519104004,1.0183547735214233,0.5002017617225647,27.291694641113281,2105.341796875,,,1980.164306640625,,1,5.3078417778015137,72.5537109375,120,1,0.0006230499129742384
g3,actor_free_td_lewm_v2_g3,V2-G3 Coupled Hybrid Prefix-Marginal Advantage,2,25592,5071.92529296875,2.1563422679901123,-0.18815648555755615,4.4954051971435547,0.50005781650543213,4187.99267578125,4185.09521484375,-0.18849220871925354,25.568946838378906,2194.740478515625,,,1961.5513916015625,,1,5.4103484153747559,1.304581880569458,0.49994221329689026,50.392978668212891,2877.1943359375,,,2223.558349609375,,1,5.3965120315551758,17.602527618408203,120,1,0.00062584428815171123,8,7660.8876953125,-0.19327723979949951,4.5017452239990234,0.49979826807975769,7668.51171875,6490.748046875,-0.19570721685886383,34.13031005859375,3946.373046875,,,3594.08447265625,,1,5.3584508895874023,1.4348355531692505,0.5002017617225647,71.674507141113281,3714.537353515625,,,2896.682373046875,,1,5.3184490203857422,68.505699157714844,120,1,0.0006230499129742384
g3,actor_free_td_lewm_v2_g3,V2-G3 Coupled Hybrid Prefix-Marginal Advantage,3,38388,6629.69287109375,2.1602256298065186,-0.17116059362888336,4.4980039596557617,0.49974268674850464,5148.2958984375,5144.73046875,-0.17149814963340759,39.827545166015625,2886.71337890625,,,2476.882080078125,,1,5.4123725891113281,1.6845594644546509,0.50025737285614014,73.485023498535156,3743.001953125,,,2667.84765625,,1,5.4012327194213867,20.803108215332031,120,1,0.00062128528952598572,8,8760.544921875,-0.17558538913726807,4.5017452239990234,0.49979826807975769,8769.5380859375,7189.2353515625,-0.17730614542961121,37.549720764160156,4354.6357421875,,,3874.17626953125,,1,5.3640985488891602,1.9088412523269653,0.5002017617225647,73.563331604003906,4405.92724609375,,,3315.06005859375,,1,5.3325395584106445,78.584953308105469,120,1,0.0006230499129742384
g3,actor_free_td_lewm_v2_g3,V2-G3 Coupled Hybrid Prefix-Marginal Advantage,4,51184,6572.08935546875,2.1613943576812744,-0.15686710178852081,4.4986062049865723,0.49965539574623108,4889.3212890625,4885.55859375,-0.15723720192909241,48.755245208740234,2813.73046875,,,2329.001953125,,1,5.4127101898193359,1.8358911275863647,0.50034463405609131,85.585029602050781,3758.361083984375,,,2556.5595703125,,1,5.4016885757446289,21.24066162109375,120,1,0.00062193686608225107,8,9125.3212890625,-0.16055980324745178,4.5017452239990234,0.49979826807975769,9133.8564453125,7397.1435546875,-0.16203391551971436,50.812770843505859,4614.29931640625,,,4060.99658203125,,1,5.3635601997375488,1.9187958240509033,0.5002017617225647,94.698295593261719,4511.0341796875,,,3336.144775390625,,1,5.3299908638000488,73.47723388671875,120,1,0.0006230499129742384
g3,actor_free_td_lewm_v2_g3,V2-G3 Coupled Hybrid Prefix-Marginal Advantage,5,63980,6034.98974609375,2.1677863597869873,-0.15439398586750031,4.4956426620483398,0.49968770146369934,4438.4755859375,4434.71630859375,-0.15523554384708405,50.651611328125,2672.87158203125,,,2170.153076171875,,1,5.4131870269775391,1.8941315412521362,0.50031238794326782,89.415458679199219,3362.118896484375,,,2264.555908203125,,1,5.4015941619873047,20.805643081665039,120,1,0.00061802956042811275,8,7851.45947265625,-0.16074438393115997,4.5017452239990234,0.49979826807975769,7859.13623046875,6393.9384765625,-0.16347411274909973,45.813732147216797,3877.664794921875,,,3401.949951171875,,1,5.363520622253418,1.9230504035949707,0.5002017617225647,84.264015197753906,3973.800048828125,,,2992.005859375,,1,5.3368897438049316,63.927841186523438,120,1,0.0006230499129742384
g3,actor_free_td_lewm_v2_g3,V2-G3 Coupled Hybrid Prefix-Marginal Advantage,6,76776,5308.6162109375,2.1642055511474609,-0.15549956262111664,4.4991860389709473,0.50002747774124146,3961.7724609375,3958.10009765625,-0.15636871755123138,49.560882568359375,2328.579833984375,,,1948.6834716796875,,1,5.4148554801940918,1.9019697904586792,0.49997252225875854,87.986236572265625,2980.035400390625,,,2009.4151611328125,,1,5.4063596725463867,19.686870574951172,120,1,0.00062584446277469397,8,6318.32177734375,-0.16025729477405548,4.5017452239990234,0.49979826807975769,6326.0146484375,4817.73974609375,-0.15996600687503815,45.731281280517578,3087.696044921875,,,2602.333984375,,1,5.3657693862915039,1.9889874458312988,0.5002017617225647,88.060012817382812,3230.614013671875,,,2215.401123046875,,1,5.3258047103881836,63.675308227539062,120,1,0.0006230499129742384
g3,actor_free_td_lewm_v2_g3,V2-G3 Coupled Hybrid Prefix-Marginal Advantage,7,89572,4748.8779296875,2.1628243923187256,-0.15493489801883698,4.501929759979248,0.50007057189941406,3541.953125,3538.353515625,-0.15565952658653259,50.260524749755859,2083.0908203125,,,1759.6409912109375,,1,5.416175365447998,1.8859281539916992,0.49992945790290833,89.437637329101562,2665.79638671875,,,1778.7269287109375,,1,5.4066967964172363,18.979696273803711,120,1,0.00061802973505109549,8,6791.51611328125,-0.1554635614156723,4.5017452239990234,0.49979826807975769,6799.6259765625,5354.35107421875,-0.15691001713275909,53.994770050048828,3215.097900390625,,,2821.904052734375,,1,5.3630623817443848,2.0409665107727051,0.5002017617225647,100.58480072021484,3576.4052734375,,,2532.471435546875,,1,5.3280539512634277,67.508560180664062,120,1,0.0006230499129742384
g3,actor_free_td_lewm_v2_g3,V2-G3 Coupled Hybrid Prefix-Marginal Advantage,8,102368,4337.1376953125,2.1571662425994873,-0.15119306743144989,4.5029149055480957,0.50040566921234131,3179.073974609375,3175.599853515625,-0.15198010206222534,51.747444152832031,1869.71923828125,,,1566.8262939453125,,1,5.4198994636535645,1.8617229461669922,0.49959442019462585,89.872215270996094,2467.40283203125,,,1608.7799072265625,,1,5.406409740447998,17.871946334838867,120,1,0.0006258441717363894,8,5892.34765625,-0.14951391518115997,4.5017452239990234,0.49979826807975769,5899.71044921875,4506.7705078125,-0.15037047863006592,53.550384521484375,2897.399658203125,,,2443.03466796875,,1,5.3638687133789062,1.9942271709442139,0.5002017617225647,93.463859558105469,2994.9453125,,,2063.7373046875,,1,5.3345670700073242,59.730251312255859,120,1,0.0006230499129742384
g3,actor_free_td_lewm_v2_g3,V2-G3 Coupled Hybrid Prefix-Marginal Advantage,9,115164,4293.5400390625,2.1707196235656738,-0.14873224496841431,4.4993810653686523,0.49970301985740662,3259.927734375,3256.5888671875,-0.14954116940498352,47.871707916259766,1882.3326416015625,,,1647.992919921875,,1,5.4134130477905273,1.8266834020614624,0.500296950340271,84.146766662597656,2411.201416015625,,,1608.5975341796875,,1,5.4048099517822266,16.809047698974609,120,1,0.00061737815849483013,8,5404.78466796875,-0.14864514768123627,4.5017452239990234,0.49979826807975769,5411.7080078125,4098.34814453125,-0.14940288662910461,46.951313018798828,2554.134033203125,,,2137.375,,1,5.3638038635253906,1.8810876607894897,0.5002017617225647,90.503143310546875,2850.66748046875,,,1960.9725341796875,,1,5.3303685188293457,55.921215057373047,120,1,0.0006230499129742384
g3,actor_free_td_lewm_v2_g3,V2-G3 Coupled Hybrid Prefix-Marginal Advantage,10,127960,4653.11962890625,2.1633117198944092,-0.14797386527061462,4.502997875213623,0.50024294853210449,3470.824951171875,3467.611083984375,-0.14881958067417145,49.433158874511719,2098.3681640625,,,1776.9007568359375,,1,5.4177203178405762,1.7748886346817017,0.49975699186325073,88.352401733398438,2554.750244140625,,,1690.711669921875,,1,5.4073166847229004,15.87196159362793,120,1,0.00062323926249518991,8,5308.5390625,-0.14847755432128906,4.5017452239990234,0.49979826807975769,5315.669921875,4061.785400390625,-0.1493094265460968,52.750480651855469,2519.324462890625,,,2120.327880859375,,1,5.3622031211853027,1.9379984140396118,0.5002017617225647,93.744926452636719,2789.214599609375,,,1941.463623046875,,1,5.3261303901672363,57.66375732421875,120,1,0.0006230499129742384
