epoch,step,train/delta_primitive_mean_epoch,train/delta_primitive_mean_step,train/exact_target_fraction_epoch,train/exact_target_fraction_step,train/finite_fraction_epoch,train/finite_fraction_step,train/goal_identity_max_epoch,train/goal_identity_max_step,train/goal_identity_mean_epoch,train/goal_identity_mean_step,train/loss_epoch,train/loss_step,train/n_eff_primitive_mean_epoch,train/n_eff_primitive_mean_step,train/td_prediction_mean_epoch,train/td_prediction_mean_step,train/td_residual_mae_epoch,train/td_residual_mae_step,train/td_residual_mean_epoch,train/td_residual_mean_step,train/td_target_mean_epoch,train/td_target_mean_step,validation/delta_primitive_mean,validation/exact_target_fraction,validation/finite_fraction,validation/global_step,validation/goal_identity_max,validation/goal_identity_mean,validation/logical_epoch,validation/loss,validation/mc_mae,validation/mc_mse,validation/monotonic_ranking_accuracy,validation/n_eff_primitive_mean,validation/samples,validation/spearman,validation/td_prediction_mean,validation/td_residual_mae,validation/td_residual_mean,validation/td_target_mean
0,49,,32.32421875,,0.775390625,,1.0,,0.0,,0.0,,0.4381366968154907,,43.3984375,,11.678048133850098,,13.842123985290527,,-13.726116180419922,,25.404163360595703,,,,,,,,,,,,,,,,,,
0,99,,32.6318359375,,0.779296875,,1.0,,0.0,,0.0,,0.42714202404022217,,43.5546875,,12.341585159301758,,13.503652572631836,,-13.375028610229492,,25.71661376953125,,,,,,,,,,,,,,,,,,
0,149,,32.8955078125,,0.7705078125,,1.0,,0.0,,0.0,,0.4139239490032196,,43.7255859375,,12.590616226196289,,13.339984893798828,,-13.241148948669434,,25.831764221191406,,,,,,,,,,,,,,,,,,
0,199,,32.490234375,,0.7802734375,,1.0,,0.0,,0.0,,0.42436784505844116,,43.408203125,,13.077760696411133,,13.025510787963867,,-12.870386123657227,,25.94814682006836,,,,,,,,,,,,,,,,,,
0,249,,31.5576171875,,0.810546875,,1.0,,0.0,,0.0,,0.3901183009147644,,44.08203125,,13.62769603729248,,12.377176284790039,,-12.263568878173828,,25.891265869140625,,,,,,,,,,,,,,,,,,
0,299,,32.2998046875,,0.787109375,,1.0,,0.0,,0.0,,0.3934449851512909,,43.271484375,,13.863578796386719,,12.158187866210938,,-12.009624481201172,,25.873205184936523,,,,,,,,,,,,,,,,,,
0,349,,30.8203125,,0.794921875,,1.0,,0.0,,0.0,,0.36539268493652344,,43.3740234375,,13.022751808166504,,11.783833503723145,,-11.682621955871582,,24.705373764038086,,,,,,,,,,,,,,,,,,
0,399,,31.6552734375,,0.79296875,,1.0,,0.0,,0.0,,0.38180670142173767,,43.5791015625,,14.001734733581543,,11.661046981811523,,-11.507993698120117,,25.509729385375977,,,,,,,,,,,,,,,,,,
0,449,,32.5048828125,,0.78125,,1.0,,0.0,,0.0,,0.3916315734386444,,43.1494140625,,13.68239974975586,,12.455495834350586,,-12.33488655090332,,26.01728630065918,,,,,,,,,,,,,,,,,,
0,499,,31.875,,0.7900390625,,1.0,,0.0,,0.0,,0.36770927906036377,,43.8037109375,,14.09841537475586,,11.672786712646484,,-11.549817085266113,,25.648231506347656,,,,,,,,,,,,,,,,,,
0,549,,33.3740234375,,0.76953125,,1.0,,0.0,,0.0,,0.3809696137905121,,44.2919921875,,14.038250923156738,,12.660404205322266,,-12.597305297851562,,26.635555267333984,,,,,,,,,,,,,,,,,,
0,599,,31.6357421875,,0.7919921875,,1.0,,0.0,,0.0,,0.3701407015323639,,43.798828125,,14.216243743896484,,11.540779113769531,,-11.40369987487793,,25.619945526123047,,,,,,,,,,,,,,,,,,
0,649,,33.0029296875,,0.77734375,,1.0,,0.0,,0.0,,0.4013686776161194,,43.5400390625,,13.530146598815918,,13.009157180786133,,-12.920654296875,,26.4507999420166,,,,,,,,,,,,,,,,,,
0,699,,32.8955078125,,0.7607421875,,1.0,,0.0,,0.0,,0.37269115447998047,,43.3154296875,,13.666972160339355,,12.288043022155762,,-12.208283424377441,,25.875255584716797,,,,,,,,,,,,,,,,,,
0,749,,31.552734375,,0.7919921875,,1.0,,0.0,,0.0,,0.36256644129753113,,42.7392578125,,13.900906562805176,,11.7249755859375,,-11.629640579223633,,25.530548095703125,,,,,,,,,,,,,,,,,,
0,799,,33.5498046875,,0.7626953125,,1.0,,0.0,,0.0,,0.4007554054260254,,43.7255859375,,13.907349586486816,,12.838231086730957,,-12.72801399230957,,26.635364532470703,,,,,,,,,,,,,,,,,,
0,849,,31.9091796875,,0.7890625,,1.0,,0.0,,0.0,,0.36774200201034546,,43.22265625,,14.210592269897461,,11.757349014282227,,-11.644071578979492,,25.854663848876953,,,,,,,,,,,,,,,,,,
0,899,,32.6953125,,0.7734375,,1.0,,0.0,,0.0,,0.38206109404563904,,43.515625,,14.16762638092041,,12.08420181274414,,-11.967084884643555,,26.13471221923828,,,,,,,,,,,,,,,,,,
0,949,,32.578125,,0.7724609375,,1.0,,0.0,,0.0,,0.38000503182411194,,42.9638671875,,13.263165473937988,,12.658369064331055,,-12.598508834838867,,25.861675262451172,,,,,,,,,,,,,,,,,,
0,999,,32.1923828125,,0.7919921875,,1.0,,0.0,,0.0,,0.3795052170753479,,43.9111328125,,13.883853912353516,,12.194218635559082,,-12.08604907989502,,25.96990203857422,,,,,,,,,,,,,,,,,,
0,999,,,,,,,,,,,,,,,,,,,,,,,25.320011138916016,0.89610356092453,1.0,1000.0,0.0,0.0,1.0,0.320252388715744,12.750412940979004,382.36859130859375,0.9285714030265808,38.52761459350586,998504.0,0.6420165300369263,12.706010818481445,9.934967041015625,-9.796724319458008,22.50275230407715
0,999,32.43760681152344,,0.7795751690864563,,1.0,,0.0,,0.0,,0.3931904137134552,,43.60398864746094,,13.442981719970703,,12.52796459197998,,-12.414131164550781,,25.857118606567383,,,,,,,,,,,,,,,,,,,
1,1049,,33.251953125,,0.7744140625,,1.0,,0.0,,0.0,,0.3787388801574707,,44.1552734375,,14.434178352355957,,12.255640029907227,,-12.153863906860352,,26.588043212890625,,,,,,,,,,,,,,,,,,
1,1099,,32.314453125,,0.779296875,,1.0,,0.0,,0.0,,0.3687892556190491,,43.96484375,,13.954977989196777,,11.987722396850586,,-11.89554214477539,,25.850521087646484,,,,,,,,,,,,,,,,,,
1,1149,,33.37890625,,0.755859375,,1.0,,0.0,,0.0,,0.369978129863739,,43.525390625,,14.058609008789062,,12.196805953979492,,-12.120288848876953,,26.178897857666016,,,,,,,,,,,,,,,,,,
1,1199,,32.3486328125,,0.78515625,,1.0,,0.0,,0.0,,0.37603771686553955,,43.5205078125,,14.24142837524414,,11.818363189697266,,-11.695390701293945,,25.936819076538086,,,,,,,,,,,,,,,,,,
1,1249,,31.513671875,,0.779296875,,1.0,,0.0,,0.0,,0.35859131813049316,,42.9736328125,,13.628204345703125,,11.580320358276367,,-11.484323501586914,,25.112529754638672,,,,,,,,,,,,,,,,,,
1,1299,,32.841796875,,0.76953125,,1.0,,0.0,,0.0,,0.3800424337387085,,44.2431640625,,14.30683708190918,,12.133487701416016,,-12.030365943908691,,26.337203979492188,,,,,,,,,,,,,,,,,,
1,1349,,31.85546875,,0.7880859375,,1.0,,0.0,,0.0,,0.37306544184684753,,42.9296875,,13.529302597045898,,12.346101760864258,,-12.275158882141113,,25.804460525512695,,,,,,,,,,,,,,,,,,
1,1399,,33.6376953125,,0.7568359375,,1.0,,0.0,,0.0,,0.37170296907424927,,43.9111328125,,14.319093704223633,,12.219642639160156,,-12.142529487609863,,26.461624145507812,,,,,,,,,,,,,,,,,,
1,1449,,32.59765625,,0.7734375,,1.0,,0.0,,0.0,,0.36386579275131226,,43.408203125,,14.017611503601074,,12.053421020507812,,-11.975265502929688,,25.992876052856445,,,,,,,,,,,,,,,,,,
1,1499,,31.962890625,,0.794921875,,1.0,,0.0,,0.0,,0.3611888289451599,,43.9697265625,,14.275997161865234,,11.817575454711914,,-11.72800064086914,,26.003997802734375,,,,,,,,,,,,,,,,,,
1,1549,,32.5341796875,,0.775390625,,1.0,,0.0,,0.0,,0.369998574256897,,43.8232421875,,14.34076976776123,,11.680741310119629,,-11.557323455810547,,25.898094177246094,,,,,,,,,,,,,,,,,,
1,1599,,32.67578125,,0.783203125,,1.0,,0.0,,0.0,,0.37080007791519165,,44.1650390625,,14.43381404876709,,12.034101486206055,,-11.93825912475586,,26.372074127197266,,,,,,,,,,,,,,,,,,
1,1649,,32.509765625,,0.7763671875,,1.0,,0.0,,0.0,,0.3740622103214264,,43.5009765625,,14.155988693237305,,11.949783325195312,,-11.835006713867188,,25.990995407104492,,,,,,,,,,,,,,,,,,
1,1699,,32.9443359375,,0.7685546875,,1.0,,0.0,,0.0,,0.36043357849121094,,43.6328125,,14.374509811401367,,11.873605728149414,,-11.801599502563477,,26.176109313964844,,,,,,,,,,,,,,,,,,
1,1749,,31.1962890625,,0.80078125,,1.0,,0.0,,0.0,,0.35347914695739746,,43.65234375,,14.203036308288574,,11.258502006530762,,-11.143842697143555,,25.346878051757812,,,,,,,,,,,,,,,,,,
1,1799,,31.6162109375,,0.791015625,,1.0,,0.0,,0.0,,0.3704802095890045,,43.5400390625,,14.042954444885254,,11.671133041381836,,-11.547782897949219,,25.590736389160156,,,,,,,,,,,,,,,,,,
1,1849,,32.2216796875,,0.7763671875,,1.0,,0.0,,0.0,,0.376543253660202,,43.408203125,,14.255692481994629,,11.623129844665527,,-11.491342544555664,,25.74703598022461,,,,,,,,,,,,,,,,,,
1,1899,,31.494140625,,0.796875,,1.0,,0.0,,0.0,,0.37080615758895874,,43.7060546875,,14.005437850952148,,11.665243148803711,,-11.533100128173828,,25.538536071777344,,,,,,,,,,,,,,,,,,
1,1949,,33.173828125,,0.779296875,,1.0,,0.0,,0.0,,0.37653183937072754,,43.935546875,,14.628134727478027,,12.146337509155273,,-12.045487403869629,,26.673622131347656,,,,,,,,,,,,,,,,,,
1,1999,,32.177734375,,0.77734375,,1.0,,0.0,,0.0,,0.3540143668651581,,43.0810546875,,14.51902961730957,,11.400991439819336,,-11.294589042663574,,25.813617706298828,,,,,,,,,,,,,,,,,,
1,1999,,,,,,,,,,,,,,,,,,,,,,,25.320011138916016,0.89610356092453,1.0,2000.0,0.0,0.0,2.0,0.3145700991153717,12.414182662963867,372.45062255859375,0.9285714030265808,38.52761459350586,998504.0,0.6416515707969666,13.057841300964355,9.606563568115234,-9.452383041381836,22.510215759277344
1,1999,32.36983871459961,,0.7798925638198853,,1.0,,0.0,,0.0,,0.3689758777618408,,43.59688186645508,,14.161192893981934,,11.893331527709961,,-11.791802406311035,,25.952985763549805,,,,,,,,,,,,,,,,,,,
2,2049,,32.87109375,,0.775390625,,1.0,,0.0,,0.0,,0.37589430809020996,,44.0771484375,,14.51809310913086,,12.02262020111084,,-11.906373977661133,,26.424467086791992,,,,,,,,,,,,,,,,,,
2,2099,,31.8896484375,,0.78515625,,1.0,,0.0,,0.0,,0.35641196370124817,,44.21875,,14.181234359741211,,11.556711196899414,,-11.459856986999512,,25.64109230041504,,,,,,,,,,,,,,,,,,
2,2149,,32.4853515625,,0.78515625,,1.0,,0.0,,0.0,,0.35521405935287476,,43.5986328125,,14.774763107299805,,11.620397567749023,,-11.539449691772461,,26.3142147064209,,,,,,,,,,,,,,,,,,
2,2199,,33.056640625,,0.765625,,1.0,,0.0,,0.0,,0.38695061206817627,,43.955078125,,14.809122085571289,,11.671181678771973,,-11.497900009155273,,26.307022094726562,,,,,,,,,,,,,,,,,,
2,2249,,33.28125,,0.763671875,,1.0,,0.0,,0.0,,0.3925047516822815,,43.251953125,,14.284592628479004,,12.33810043334961,,-12.203136444091797,,26.487730026245117,,,,,,,,,,,,,,,,,,
2,2299,,31.9775390625,,0.779296875,,1.0,,0.0,,0.0,,0.3722357153892517,,43.369140625,,13.765558242797852,,11.85934066772461,,-11.746602058410645,,25.51215934753418,,,,,,,,,,,,,,,,,,
2,2349,,34.0283203125,,0.7626953125,,1.0,,0.0,,0.0,,0.3722466826438904,,43.8232421875,,14.86937141418457,,12.290019035339355,,-12.220087051391602,,27.089458465576172,,,,,,,,,,,,,,,,,,
2,2399,,32.7587890625,,0.7724609375,,1.0,,0.0,,0.0,,0.38293471932411194,,44.0283203125,,14.268877029418945,,11.901082992553711,,-11.767844200134277,,26.036720275878906,,,,,,,,,,,,,,,,,,
2,2449,,31.3623046875,,0.78515625,,1.0,,0.0,,0.0,,0.33793333172798157,,43.3837890625,,13.884008407592773,,11.135421752929688,,-11.058669090270996,,24.942676544189453,,,,,,,,,,,,,,,,,,
2,2499,,32.4072265625,,0.7626953125,,1.0,,0.0,,0.0,,0.3595121204853058,,43.671875,,14.6051607131958,,11.252617835998535,,-11.112825393676758,,25.717987060546875,,,,,,,,,,,,,,,,,,
2,2549,,33.3349609375,,0.7763671875,,1.0,,0.0,,0.0,,0.36919912695884705,,44.052734375,,14.618000984191895,,12.191183090209961,,-12.116942405700684,,26.734943389892578,,,,,,,,,,,,,,,,,,
2,2599,,32.5732421875,,0.783203125,,1.0,,0.0,,0.0,,0.3596450090408325,,43.3544921875,,14.601640701293945,,11.713211059570312,,-11.625064849853516,,26.226703643798828,,,,,,,,,,,,,,,,,,
2,2649,,32.1142578125,,0.7802734375,,1.0,,0.0,,0.0,,0.3530999720096588,,43.5009765625,,14.118878364562988,,11.790459632873535,,-11.726200103759766,,25.84507942199707,,,,,,,,,,,,,,,,,,
2,2699,,32.7783203125,,0.7763671875,,1.0,,0.0,,0.0,,0.35262638330459595,,44.1162109375,,14.490229606628418,,11.828720092773438,,-11.775123596191406,,26.265352249145508,,,,,,,,,,,,,,,,,,
2,2749,,32.822265625,,0.7802734375,,1.0,,0.0,,0.0,,0.37576544284820557,,43.7841796875,,14.340278625488281,,12.217350006103516,,-12.123104095458984,,26.463382720947266,,,,,,,,,,,,,,,,,,
2,2799,,32.001953125,,0.79296875,,1.0,,0.0,,0.0,,0.34989818930625916,,43.5986328125,,14.319242477416992,,11.685766220092773,,-11.613800048828125,,25.933042526245117,,,,,,,,,,,,,,,,,,
2,2849,,32.12890625,,0.7802734375,,1.0,,0.0,,0.0,,0.3592436611652374,,43.61328125,,14.057037353515625,,11.770387649536133,,-11.69121265411377,,25.74825096130371,,,,,,,,,,,,,,,,,,
2,2899,,31.982421875,,0.7763671875,,1.0,,0.0,,0.0,,0.3692576587200165,,43.41796875,,13.787444114685059,,11.878097534179688,,-11.776375770568848,,25.563819885253906,,,,,,,,,,,,,,,,,,
2,2949,,33.427734375,,0.7734375,,1.0,,0.0,,0.0,,0.3748147189617157,,44.0869140625,,14.581268310546875,,12.379387855529785,,-12.304981231689453,,26.886249542236328,,,,,,,,,,,,,,,,,,
2,2999,,33.14453125,,0.7724609375,,1.0,,0.0,,0.0,,0.38008251786231995,,44.150390625,,14.350728034973145,,12.226224899291992,,-12.119906425476074,,26.47063446044922,,,,,,,,,,,,,,,,,,
2,2999,,,,,,,,,,,,,,,,,,,,,,,25.320011138916016,0.89610356092453,1.0,3000.0,0.0,0.0,3.0,0.3104616105556488,12.361222267150879,371.2265625,0.7142857313156128,38.52761459350586,998504.0,0.6413072943687439,13.103781700134277,9.555331230163574,-9.408014297485352,22.511798858642578
2,2999,32.41523742675781,,0.7796972393989563,,1.0,,0.0,,0.0,,0.36418020725250244,,43.62123489379883,,14.327471733093262,,11.773725509643555,,-11.675101280212402,,26.002561569213867,,,,,,,,,,,,,,,,,,,
3,3049,,32.20703125,,0.7783203125,,1.0,,0.0,,0.0,,0.3658066391944885,,43.9697265625,,14.397449493408203,,11.538508415222168,,-11.41130256652832,,25.808752059936523,,,,,,,,,,,,,,,,,,
3,3099,,33.5302734375,,0.765625,,1.0,,0.0,,0.0,,0.37037235498428345,,44.08203125,,14.761553764343262,,11.951837539672852,,-11.848079681396484,,26.60963249206543,,,,,,,,,,,,,,,,,,
3,3149,,32.431640625,,0.76171875,,1.0,,0.0,,0.0,,0.3500048518180847,,43.8232421875,,14.264009475708008,,11.358622550964355,,-11.261491775512695,,25.525503158569336,,,,,,,,,,,,,,,,,,
3,3199,,32.0361328125,,0.78515625,,1.0,,0.0,,0.0,,0.3644222617149353,,43.1298828125,,14.263355255126953,,11.528739929199219,,-11.411407470703125,,25.674762725830078,,,,,,,,,,,,,,,,,,
3,3249,,32.001953125,,0.7890625,,1.0,,0.0,,0.0,,0.3564562201499939,,43.5009765625,,14.294683456420898,,11.680595397949219,,-11.593650817871094,,25.888334274291992,,,,,,,,,,,,,,,,,,
3,3299,,32.421875,,0.77734375,,1.0,,0.0,,0.0,,0.3688778579235077,,43.7548828125,,14.335748672485352,,11.793601036071777,,-11.685190200805664,,26.020938873291016,,,,,,,,,,,,,,,,,,
3,3349,,32.5244140625,,0.775390625,,1.0,,0.0,,0.0,,0.36108624935150146,,43.310546875,,14.402458190917969,,11.775090217590332,,-11.688100814819336,,26.090557098388672,,,,,,,,,,,,,,,,,,
3,3399,,33.0859375,,0.7744140625,,1.0,,0.0,,0.0,,0.36259666085243225,,44.072265625,,14.432374000549316,,12.126750946044922,,-12.065746307373047,,26.49812126159668,,,,,,,,,,,,,,,,,,
3,3449,,32.08984375,,0.7861328125,,1.0,,0.0,,0.0,,0.34782958030700684,,43.73046875,,14.872932434082031,,11.08023452758789,,-10.968873023986816,,25.84180450439453,,,,,,,,,,,,,,,,,,
3,3499,,31.9775390625,,0.7890625,,1.0,,0.0,,0.0,,0.3572402596473694,,43.4033203125,,14.087411880493164,,11.683595657348633,,-11.595091819763184,,25.682504653930664,,,,,,,,,,,,,,,,,,
3,3549,,33.2080078125,,0.7685546875,,1.0,,0.0,,0.0,,0.3703702688217163,,43.6767578125,,14.344919204711914,,12.250273704528809,,-12.174459457397461,,26.519378662109375,,,,,,,,,,,,,,,,,,
3,3599,,33.203125,,0.7646484375,,1.0,,0.0,,0.0,,0.3736577033996582,,43.6474609375,,14.399419784545898,,12.06119155883789,,-11.954238891601562,,26.35365867614746,,,,,,,,,,,,,,,,,,
3,3649,,32.2119140625,,0.7783203125,,1.0,,0.0,,0.0,,0.3560478985309601,,43.7109375,,14.484997749328613,,11.479856491088867,,-11.37423324584961,,25.85923194885254,,,,,,,,,,,,,,,,,,
3,3699,,32.841796875,,0.7744140625,,1.0,,0.0,,0.0,,0.3659151494503021,,43.6376953125,,14.022799491882324,,12.169822692871094,,-12.10390853881836,,26.126708984375,,,,,,,,,,,,,,,,,,
3,3749,,32.783203125,,0.7841796875,,1.0,,0.0,,0.0,,0.35647016763687134,,43.8427734375,,14.79272174835205,,11.786067962646484,,-11.708057403564453,,26.500778198242188,,,,,,,,,,,,,,,,,,
3,3799,,31.6796875,,0.7958984375,,1.0,,0.0,,0.0,,0.35689812898635864,,43.291015625,,14.2425537109375,,11.508374214172363,,-11.405790328979492,,25.648344039916992,,,,,,,,,,,,,,,,,,
3,3849,,33.291015625,,0.7666015625,,1.0,,0.0,,0.0,,0.3781229257583618,,43.603515625,,14.891801834106445,,11.801618576049805,,-11.671879768371582,,26.563682556152344,,,,,,,,,,,,,,,,,,
3,3899,,33.2275390625,,0.7578125,,1.0,,0.0,,0.0,,0.3745744824409485,,43.759765625,,13.950302124023438,,12.176041603088379,,-12.085079193115234,,26.035381317138672,,,,,,,,,,,,,,,,,,
3,3949,,32.3388671875,,0.7919921875,,1.0,,0.0,,0.0,,0.3714843988418579,,43.5595703125,,13.938985824584961,,12.271254539489746,,-12.196640968322754,,26.13562774658203,,,,,,,,,,,,,,,,,,
3,3999,,31.0546875,,0.8076171875,,1.0,,0.0,,0.0,,0.35743969678878784,,42.509765625,,13.566020011901855,,11.915936470031738,,-11.851617813110352,,25.41763687133789,,,,,,,,,,,,,,,,,,
3,3999,,,,,,,,,,,,,,,,,,,,,,,25.320011138916016,0.89610356092453,1.0,4000.0,0.0,0.0,4.0,0.3042420446872711,12.59732723236084,378.1718444824219,0.9285714030265808,38.52761459350586,998504.0,0.6418284773826599,12.822611808776855,9.792159080505371,-9.69072437286377,22.51334571838379
3,3999,32.40074920654297,,0.7798535227775574,,1.0,,0.0,,0.0,,0.36112019419670105,,43.619834899902344,,14.386900901794434,,11.701972961425781,,-11.605278015136719,,25.992156982421875,,,,,,,,,,,,,,,,,,,
4,4049,,31.62109375,,0.796875,,1.0,,0.0,,0.0,,0.36087164282798767,,42.9541015625,,14.155878067016602,,11.510187149047852,,-11.398956298828125,,25.554834365844727,,,,,,,,,,,,,,,,,,
4,4099,,31.279296875,,0.791015625,,1.0,,0.0,,0.0,,0.3575277328491211,,43.3544921875,,13.925416946411133,,11.366348266601562,,-11.249256134033203,,25.174673080444336,,,,,,,,,,,,,,,,,,
4,4149,,33.017578125,,0.759765625,,1.0,,0.0,,0.0,,0.35545745491981506,,43.388671875,,14.159942626953125,,11.810432434082031,,-11.741455078125,,25.901397705078125,,,,,,,,,,,,,,,,,,
4,4199,,31.3232421875,,0.796875,,1.0,,0.0,,0.0,,0.3454471230506897,,43.291015625,,14.207929611206055,,11.230165481567383,,-11.140874862670898,,25.348804473876953,,,,,,,,,,,,,,,,,,
4,4249,,31.3916015625,,0.7998046875,,1.0,,0.0,,0.0,,0.3411312699317932,,43.9208984375,,14.385266304016113,,11.265226364135742,,-11.184813499450684,,25.570079803466797,,,,,,,,,,,,,,,,,,
4,4299,,31.6943359375,,0.794921875,,1.0,,0.0,,0.0,,0.3527088761329651,,42.9833984375,,14.239315032958984,,11.52131175994873,,-11.435770988464355,,25.67508316040039,,,,,,,,,,,,,,,,,,
4,4349,,31.044921875,,0.8095703125,,1.0,,0.0,,0.0,,0.3496335744857788,,43.5302734375,,14.208072662353516,,11.342172622680664,,-11.249994277954102,,25.458066940307617,,,,,,,,,,,,,,,,,,
4,4399,,32.1044921875,,0.7861328125,,1.0,,0.0,,0.0,,0.36824333667755127,,43.2470703125,,14.094758987426758,,11.925756454467773,,-11.827374458312988,,25.922134399414062,,,,,,,,,,,,,,,,,,
4,4449,,32.412109375,,0.775390625,,1.0,,0.0,,0.0,,0.36455851793289185,,43.7109375,,14.358898162841797,,11.667295455932617,,-11.557039260864258,,25.915935516357422,,,,,,,,,,,,,,,,,,
4,4499,,32.5244140625,,0.779296875,,1.0,,0.0,,0.0,,0.35744911432266235,,44.3212890625,,14.841708183288574,,11.453807830810547,,-11.34780502319336,,26.18951416015625,,,,,,,,,,,,,,,,,,
4,4549,,31.982421875,,0.783203125,,1.0,,0.0,,0.0,,0.3446255624294281,,43.662109375,,14.336053848266602,,11.38290023803711,,-11.301997184753418,,25.638050079345703,,,,,,,,,,,,,,,,,,
4,4599,,32.2509765625,,0.787109375,,1.0,,0.0,,0.0,,0.3613458275794983,,43.828125,,14.531363487243652,,11.608973503112793,,-11.502903938293457,,26.03426742553711,,,,,,,,,,,,,,,,,,
4,4649,,31.93359375,,0.7880859375,,1.0,,0.0,,0.0,,0.3644827902317047,,43.22265625,,14.066014289855957,,11.731834411621094,,-11.62641716003418,,25.692432403564453,,,,,,,,,,,,,,,,,,
4,4699,,31.6162109375,,0.79296875,,1.0,,0.0,,0.0,,0.34727743268013,,43.3740234375,,14.561925888061523,,11.252471923828125,,-11.154335021972656,,25.716259002685547,,,,,,,,,,,,,,,,,,
4,4749,,32.5732421875,,0.7666015625,,1.0,,0.0,,0.0,,0.35392051935195923,,43.5107421875,,14.165626525878906,,11.659387588500977,,-11.57250690460205,,25.73813247680664,,,,,,,,,,,,,,,,,,
4,4799,,31.923828125,,0.7861328125,,1.0,,0.0,,0.0,,0.3555619418621063,,43.173828125,,14.432981491088867,,11.407564163208008,,-11.304265022277832,,25.737245559692383,,,,,,,,,,,,,,,,,,
4,4849,,32.939453125,,0.7587890625,,1.0,,0.0,,0.0,,0.35428059101104736,,43.45703125,,14.44461441040039,,11.572704315185547,,-11.481956481933594,,25.926570892333984,,,,,,,,,,,,,,,,,,
4,4899,,32.841796875,,0.7861328125,,1.0,,0.0,,0.0,,0.36815395951271057,,44.248046875,,14.779914855957031,,11.99648666381836,,-11.902165412902832,,26.682079315185547,,,,,,,,,,,,,,,,,,
4,4949,,33.0322265625,,0.779296875,,1.0,,0.0,,0.0,,0.37033510208129883,,43.28125,,14.608619689941406,,12.203435897827148,,-12.125120162963867,,26.73373794555664,,,,,,,,,,,,,,,,,,
4,4999,,32.783203125,,0.7783203125,,1.0,,0.0,,0.0,,0.37309110164642334,,43.8818359375,,14.415386199951172,,12.033499717712402,,-11.929178237915039,,26.34456443786621,,,,,,,,,,,,,,,,,,
4,4999,,,,,,,,,,,,,,,,,,,,,,,25.320011138916016,0.89610356092453,1.0,5000.0,0.0,0.0,5.0,0.30402836203575134,12.229381561279297,367.3655700683594,0.9285714030265808,38.52761459350586,998504.0,0.6424546241760254,13.230179786682129,9.426628112792969,-9.285418510437012,22.515602111816406
4,4999,32.35592269897461,,0.780444324016571,,1.0,,0.0,,0.0,,0.3574132025241852,,43.587032318115234,,14.471287727355957,,11.596752166748047,,-11.501388549804688,,25.97266387939453,,,,,,,,,,,,,,,,,,,
5,5049,,32.1728515625,,0.7802734375,,1.0,,0.0,,0.0,,0.371659517288208,,43.7109375,,14.237441062927246,,11.731358528137207,,-11.606017112731934,,25.84345817565918,,,,,,,,,,,,,,,,,,
5,5099,,33.4130859375,,0.759765625,,1.0,,0.0,,0.0,,0.36781662702560425,,43.9306640625,,14.56717300415039,,12.034170150756836,,-11.943422317504883,,26.510595321655273,,,,,,,,,,,,,,,,,,
5,5149,,31.7919921875,,0.7861328125,,1.0,,0.0,,0.0,,0.3527846336364746,,42.94921875,,14.00541877746582,,11.607623100280762,,-11.523653984069824,,25.52907371520996,,,,,,,,,,,,,,,,,,
5,5199,,32.099609375,,0.7890625,,1.0,,0.0,,0.0,,0.36814025044441223,,43.76953125,,14.225013732910156,,11.754369735717773,,-11.645931243896484,,25.870946884155273,,,,,,,,,,,,,,,,,,
5,5249,,32.578125,,0.779296875,,1.0,,0.0,,0.0,,0.3572215437889099,,44.345703125,,14.806269645690918,,11.408370971679688,,-11.29751968383789,,26.103788375854492,,,,,,,,,,,,,,,,,,
5,5299,,31.9580078125,,0.7802734375,,1.0,,0.0,,0.0,,0.339478075504303,,43.6572265625,,15.029426574707031,,10.715025901794434,,-10.599066734313965,,25.628494262695312,,,,,,,,,,,,,,,,,,
5,5349,,32.4560546875,,0.7802734375,,1.0,,0.0,,0.0,,0.35273683071136475,,43.9794921875,,14.688772201538086,,11.495399475097656,,-11.402936935424805,,26.09170913696289,,,,,,,,,,,,,,,,,,
5,5399,,31.3720703125,,0.802734375,,1.0,,0.0,,0.0,,0.3547918498516083,,43.7109375,,13.959293365478516,,11.77053451538086,,-11.704030990600586,,25.66332244873047,,,,,,,,,,,,,,,,,,
5,5449,,31.7822265625,,0.7822265625,,1.0,,0.0,,0.0,,0.3297821283340454,,43.1591796875,,14.590757369995117,,11.025161743164062,,-10.96694564819336,,25.557701110839844,,,,,,,,,,,,,,,,,,
5,5499,,31.0107421875,,0.80078125,,1.0,,0.0,,0.0,,0.3437109887599945,,43.0859375,,14.401983261108398,,11.02357292175293,,-10.90786361694336,,25.30984878540039,,,,,,,,,,,,,,,,,,
5,5549,,34.228515625,,0.7490234375,,1.0,,0.0,,0.0,,0.389442503452301,,44.5458984375,,14.386133193969727,,12.55943775177002,,-12.452938079833984,,26.839069366455078,,,,,,,,,,,,,,,,,,
5,5599,,31.8994140625,,0.794921875,,1.0,,0.0,,0.0,,0.35269251465797424,,43.6328125,,14.539522171020508,,11.538308143615723,,-11.44878101348877,,25.988304138183594,,,,,,,,,,,,,,,,,,
5,5649,,32.9345703125,,0.7705078125,,1.0,,0.0,,0.0,,0.3548763692378998,,43.6083984375,,14.73084545135498,,11.619544982910156,,-11.530782699584961,,26.261629104614258,,,,,,,,,,,,,,,,,,
5,5699,,31.8212890625,,0.7822265625,,1.0,,0.0,,0.0,,0.35152897238731384,,42.705078125,,14.321208000183105,,11.379778861999512,,-11.272320747375488,,25.593528747558594,,,,,,,,,,,,,,,,,,
5,5749,,31.435546875,,0.7900390625,,1.0,,0.0,,0.0,,0.33079808950424194,,42.8125,,14.766794204711914,,10.709085464477539,,-10.610889434814453,,25.377681732177734,,,,,,,,,,,,,,,,,,
5,5799,,32.2900390625,,0.78125,,1.0,,0.0,,0.0,,0.3501315116882324,,43.59375,,14.479969024658203,,11.570586204528809,,-11.493276596069336,,25.97324562072754,,,,,,,,,,,,,,,,,,
5,5849,,32.9541015625,,0.7666015625,,1.0,,0.0,,0.0,,0.3564448058605194,,43.45703125,,14.521646499633789,,11.582027435302734,,-11.49272346496582,,26.01436996459961,,,,,,,,,,,,,,,,,,
5,5899,,31.8115234375,,0.7822265625,,1.0,,0.0,,0.0,,0.35958153009414673,,42.5537109375,,13.992557525634766,,11.521313667297363,,-11.414470672607422,,25.407028198242188,,,,,,,,,,,,,,,,,,
5,5949,,32.607421875,,0.78125,,1.0,,0.0,,0.0,,0.35706624388694763,,43.8232421875,,14.233559608459473,,11.94587516784668,,-11.880220413208008,,26.113780975341797,,,,,,,,,,,,,,,,,,
5,5999,,32.7783203125,,0.78125,,1.0,,0.0,,0.0,,0.3528769016265869,,43.6572265625,,14.807098388671875,,11.611212730407715,,-11.542619705200195,,26.34971809387207,,,,,,,,,,,,,,,,,,
5,5999,,,,,,,,,,,,,,,,,,,,,,,25.320011138916016,0.89610356092453,1.0,6000.0,0.0,0.0,6.0,0.2996637225151062,12.304421424865723,369.3959045410156,0.9285714030265808,38.52761459350586,998504.0,0.6429327130317688,13.132761001586914,9.502862930297852,-9.383818626403809,22.51661491394043
5,5999,32.39678955078125,,0.7797402143478394,,1.0,,0.0,,0.0,,0.3555523157119751,,43.60567855834961,,14.54080581665039,,11.554862976074219,,-11.460755348205566,,26.001588821411133,,,,,,,,,,,,,,,,,,,
6,6049,,31.9873046875,,0.77734375,,1.0,,0.0,,0.0,,0.348024845123291,,43.1982421875,,14.095709800720215,,11.575763702392578,,-11.511009216308594,,25.606719970703125,,,,,,,,,,,,,,,,,,
6,6099,,32.71484375,,0.7705078125,,1.0,,0.0,,0.0,,0.3458493947982788,,43.623046875,,14.729216575622559,,11.55828857421875,,-11.493389129638672,,26.222606658935547,,,,,,,,,,,,,,,,,,
6,6149,,31.142578125,,0.798828125,,1.0,,0.0,,0.0,,0.3452032208442688,,42.978515625,,14.075170516967773,,11.193892478942871,,-11.099004745483398,,25.174175262451172,,,,,,,,,,,,,,,,,,
6,6199,,31.4892578125,,0.791015625,,1.0,,0.0,,0.0,,0.3609497547149658,,43.515625,,14.411718368530273,,11.297804832458496,,-11.154180526733398,,25.565898895263672,,,,,,,,,,,,,,,,,,
6,6249,,32.822265625,,0.7763671875,,1.0,,0.0,,0.0,,0.35511207580566406,,44.0185546875,,14.864910125732422,,11.504980087280273,,-11.407902717590332,,26.272811889648438,,,,,,,,,,,,,,,,,,
6,6299,,32.5537109375,,0.7841796875,,1.0,,0.0,,0.0,,0.36958277225494385,,42.9833984375,,14.324653625488281,,12.058155059814453,,-11.9684476852417,,26.293102264404297,,,,,,,,,,,,,,,,,,
6,6349,,33.505859375,,0.779296875,,1.0,,0.0,,0.0,,0.36053359508514404,,44.462890625,,15.364383697509766,,11.741973876953125,,-11.64776611328125,,27.012149810791016,,,,,,,,,,,,,,,,,,
6,6399,,33.1689453125,,0.767578125,,1.0,,0.0,,0.0,,0.36466169357299805,,43.75,,14.83720588684082,,11.723855018615723,,-11.62087631225586,,26.458084106445312,,,,,,,,,,,,,,,,,,
6,6449,,33.41796875,,0.76171875,,1.0,,0.0,,0.0,,0.3597228527069092,,44.150390625,,14.83122730255127,,11.759920120239258,,-11.674116134643555,,26.50534439086914,,,,,,,,,,,,,,,,,,
6,6499,,33.2861328125,,0.76953125,,1.0,,0.0,,0.0,,0.3491023778915405,,44.208984375,,15.625288009643555,,11.198013305664062,,-11.086963653564453,,26.71225357055664,,,,,,,,,,,,,,,,,,
6,6549,,33.0419921875,,0.779296875,,1.0,,0.0,,0.0,,0.3685716986656189,,43.5546875,,14.493989944458008,,12.140893936157227,,-12.056337356567383,,26.55032730102539,,,,,,,,,,,,,,,,,,
6,6599,,32.75390625,,0.7890625,,1.0,,0.0,,0.0,,0.3604784607887268,,44.0380859375,,14.928888320922852,,11.679007530212402,,-11.5819091796875,,26.51079750061035,,,,,,,,,,,,,,,,,,
6,6649,,31.123046875,,0.7958984375,,1.0,,0.0,,0.0,,0.3371298313140869,,43.3544921875,,14.501781463623047,,10.943058013916016,,-10.843772888183594,,25.34555435180664,,,,,,,,,,,,,,,,,,
6,6699,,31.9091796875,,0.775390625,,1.0,,0.0,,0.0,,0.3487735390663147,,42.6416015625,,14.301180839538574,,11.24201774597168,,-11.138458251953125,,25.439640045166016,,,,,,,,,,,,,,,,,,
6,6749,,31.669921875,,0.7978515625,,1.0,,0.0,,0.0,,0.3490389585494995,,43.212890625,,14.823932647705078,,11.189193725585938,,-11.082558631896973,,25.906494140625,,,,,,,,,,,,,,,,,,
6,6799,,33.26171875,,0.7763671875,,1.0,,0.0,,0.0,,0.3507670760154724,,44.1845703125,,15.249704360961914,,11.57544994354248,,-11.49356460571289,,26.743268966674805,,,,,,,,,,,,,,,,,,
6,6849,,32.1484375,,0.7880859375,,1.0,,0.0,,0.0,,0.34639811515808105,,43.642578125,,14.869760513305664,,11.23232364654541,,-11.135330200195312,,26.005088806152344,,,,,,,,,,,,,,,,,,
6,6899,,33.3544921875,,0.76953125,,1.0,,0.0,,0.0,,0.36416590213775635,,43.7060546875,,14.978124618530273,,11.991178512573242,,-11.912843704223633,,26.890968322753906,,,,,,,,,,,,,,,,,,
6,6949,,33.037109375,,0.7646484375,,1.0,,0.0,,0.0,,0.3582350015640259,,43.5302734375,,14.653078079223633,,11.606954574584961,,-11.51208209991455,,26.165159225463867,,,,,,,,,,,,,,,,,,
6,6999,,32.1044921875,,0.7939453125,,1.0,,0.0,,0.0,,0.3551361560821533,,43.8037109375,,14.570403099060059,,11.658367156982422,,-11.577771186828613,,26.148174285888672,,,,,,,,,,,,,,,,,,
6,6999,,,,,,,,,,,,,,,,,,,,,,,25.320011138916016,0.89610356092453,1.0,7000.0,0.0,0.0,7.0,0.2999967634677887,12.13003158569336,363.9954528808594,0.9285714030265808,38.52761459350586,998504.0,0.6443243622779846,13.32756233215332,9.329863548278809,-9.190483093261719,22.518056869506836
6,6999,32.418922424316406,,0.7796406149864197,,1.0,,0.0,,0.0,,0.35371169447898865,,43.602088928222656,,14.605352401733398,,11.503997802734375,,-11.410323143005371,,26.015670776367188,,,,,,,,,,,,,,,,,,,
7,7049,,31.5478515625,,0.794921875,,1.0,,0.0,,0.0,,0.3392234742641449,,43.2080078125,,14.376252174377441,,11.097875595092773,,-11.00914192199707,,25.385395050048828,,,,,,,,,,,,,,,,,,
7,7099,,32.685546875,,0.7705078125,,1.0,,0.0,,0.0,,0.34825465083122253,,43.603515625,,14.680932998657227,,11.377835273742676,,-11.28856086730957,,25.969493865966797,,,,,,,,,,,,,,,,,,
7,7149,,32.3974609375,,0.79296875,,1.0,,0.0,,0.0,,0.3521658778190613,,43.7109375,,14.805852890014648,,11.681934356689453,,-11.61119556427002,,26.417049407958984,,,,,,,,,,,,,,,,,,
7,7199,,31.6748046875,,0.775390625,,1.0,,0.0,,0.0,,0.329133003950119,,43.6279296875,,14.48388385772705,,10.893040657043457,,-10.816240310668945,,25.300125122070312,,,,,,,,,,,,,,,,,,
7,7249,,33.6865234375,,0.76953125,,1.0,,0.0,,0.0,,0.36029836535453796,,44.072265625,,14.866947174072266,,12.156509399414062,,-12.10307502746582,,26.970020294189453,,,,,,,,,,,,,,,,,,
7,7299,,31.728515625,,0.7822265625,,1.0,,0.0,,0.0,,0.35449981689453125,,43.5546875,,13.989221572875977,,11.495365142822266,,-11.390480041503906,,25.379701614379883,,,,,,,,,,,,,,,,,,
7,7349,,32.8857421875,,0.7607421875,,1.0,,0.0,,0.0,,0.3422536849975586,,43.3740234375,,15.314791679382324,,10.830154418945312,,-10.70042896270752,,26.015220642089844,,,,,,,,,,,,,,,,,,
7,7399,,31.7529296875,,0.7939453125,,1.0,,0.0,,0.0,,0.3594290316104889,,43.7255859375,,14.584491729736328,,11.292913436889648,,-11.156707763671875,,25.741199493408203,,,,,,,,,,,,,,,,,,
7,7449,,31.93359375,,0.8017578125,,1.0,,0.0,,0.0,,0.35434406995773315,,43.701171875,,14.819719314575195,,11.5411376953125,,-11.451169967651367,,26.270889282226562,,,,,,,,,,,,,,,,,,
7,7499,,31.6748046875,,0.80078125,,1.0,,0.0,,0.0,,0.3379631042480469,,43.2275390625,,14.732746124267578,,11.188726425170898,,-11.107231140136719,,25.83997917175293,,,,,,,,,,,,,,,,,,
7,7549,,32.6171875,,0.763671875,,1.0,,0.0,,0.0,,0.33755770325660706,,43.3935546875,,14.863219261169434,,11.150533676147461,,-11.074766159057617,,25.937986373901367,,,,,,,,,,,,,,,,,,
7,7599,,32.3486328125,,0.78515625,,1.0,,0.0,,0.0,,0.3524279296398163,,43.3447265625,,14.8339204788208,,11.42579460144043,,-11.33320426940918,,26.167125701904297,,,,,,,,,,,,,,,,,,
7,7649,,32.998046875,,0.7744140625,,1.0,,0.0,,0.0,,0.3613329529762268,,43.6865234375,,14.750238418579102,,11.75529670715332,,-11.660910606384277,,26.411148071289062,,,,,,,,,,,,,,,,,,
7,7699,,32.9052734375,,0.771484375,,1.0,,0.0,,0.0,,0.3445079028606415,,43.8427734375,,14.952241897583008,,11.405752182006836,,-11.334291458129883,,26.28653335571289,,,,,,,,,,,,,,,,,,
7,7749,,31.0205078125,,0.7900390625,,1.0,,0.0,,0.0,,0.32937484979629517,,42.7685546875,,14.139634132385254,,10.793872833251953,,-10.70628547668457,,24.84592056274414,,,,,,,,,,,,,,,,,,
7,7799,,32.0556640625,,0.7802734375,,1.0,,0.0,,0.0,,0.3421025574207306,,43.173828125,,14.622995376586914,,11.223238945007324,,-11.13568115234375,,25.758676528930664,,,,,,,,,,,,,,,,,,
7,7849,,31.69921875,,0.771484375,,1.0,,0.0,,0.0,,0.3315722346305847,,43.603515625,,14.512787818908691,,10.804506301879883,,-10.719547271728516,,25.23233413696289,,,,,,,,,,,,,,,,,,
7,7899,,31.5380859375,,0.7958984375,,1.0,,0.0,,0.0,,0.33780527114868164,,42.8955078125,,14.568553924560547,,11.167912483215332,,-11.092554092407227,,25.661108016967773,,,,,,,,,,,,,,,,,,
7,7949,,31.9775390625,,0.791015625,,1.0,,0.0,,0.0,,0.3331032693386078,,43.8330078125,,15.183425903320312,,10.931262969970703,,-10.845426559448242,,26.028850555419922,,,,,,,,,,,,,,,,,,
7,7999,,31.42578125,,0.7841796875,,1.0,,0.0,,0.0,,0.33975446224212646,,43.251953125,,14.38766860961914,,10.891816139221191,,-10.773502349853516,,25.161170959472656,,,,,,,,,,,,,,,,,,
7,7999,,,,,,,,,,,,,,,,,,,,,,,25.320011138916016,0.89610356092453,1.0,8000.0,0.0,0.0,8.0,0.2985963821411133,12.084186553955078,362.934814453125,0.9285714030265808,38.52761459350586,998504.0,0.6436620950698853,13.374540328979492,9.2852783203125,-9.14463996887207,22.519207000732422
7,7999,32.39225769042969,,0.7802470922470093,,1.0,,0.0,,0.0,,0.35128432512283325,,43.60150909423828,,14.659214973449707,,11.447723388671875,,-11.355581283569336,,26.01478385925293,,,,,,,,,,,,,,,,,,,
8,8049,,33.33984375,,0.7724609375,,1.0,,0.0,,0.0,,0.35100430250167847,,43.583984375,,15.194488525390625,,11.511022567749023,,-11.430994033813477,,26.625484466552734,,,,,,,,,,,,,,,,,,
8,8099,,32.177734375,,0.7919921875,,1.0,,0.0,,0.0,,0.3498115539550781,,44.267578125,,14.922018051147461,,11.329981803894043,,-11.227288246154785,,26.149307250976562,,,,,,,,,,,,,,,,,,
8,8149,,33.095703125,,0.76171875,,1.0,,0.0,,0.0,,0.3612089455127716,,44.1796875,,14.623547554016113,,11.654518127441406,,-11.54167366027832,,26.165220260620117,,,,,,,,,,,,,,,,,,
8,8199,,31.97265625,,0.7802734375,,1.0,,0.0,,0.0,,0.3444569408893585,,44.27734375,,14.468993186950684,,11.270792007446289,,-11.180675506591797,,25.649667739868164,,,,,,,,,,,,,,,,,,
8,8249,,32.3681640625,,0.7802734375,,1.0,,0.0,,0.0,,0.34976619482040405,,43.310546875,,14.661969184875488,,11.390735626220703,,-11.294845581054688,,25.956815719604492,,,,,,,,,,,,,,,,,,
8,8299,,32.3291015625,,0.7841796875,,1.0,,0.0,,0.0,,0.35959798097610474,,43.2763671875,,14.55087947845459,,11.620321273803711,,-11.518939971923828,,26.0698184967041,,,,,,,,,,,,,,,,,,
8,8349,,32.734375,,0.7783203125,,1.0,,0.0,,0.0,,0.34642690420150757,,43.9794921875,,15.27389144897461,,11.184293746948242,,-11.081718444824219,,26.355609893798828,,,,,,,,,,,,,,,,,,
8,8399,,34.0185546875,,0.7509765625,,1.0,,0.0,,0.0,,0.35661202669143677,,43.740234375,,15.006467819213867,,11.802484512329102,,-11.731679916381836,,26.738147735595703,,,,,,,,,,,,,,,,,,
8,8449,,31.875,,0.7861328125,,1.0,,0.0,,0.0,,0.3308827877044678,,43.427734375,,14.697110176086426,,10.97833251953125,,-10.89737319946289,,25.594484329223633,,,,,,,,,,,,,,,,,,
8,8499,,32.880859375,,0.7763671875,,1.0,,0.0,,0.0,,0.3521387279033661,,43.359375,,14.473678588867188,,11.716092109680176,,-11.646272659301758,,26.119951248168945,,,,,,,,,,,,,,,,,,
8,8549,,32.6953125,,0.771484375,,1.0,,0.0,,0.0,,0.3641814589500427,,43.53515625,,14.259963989257812,,11.819849014282227,,-11.719364166259766,,25.979328155517578,,,,,,,,,,,,,,,,,,
8,8599,,32.841796875,,0.78515625,,1.0,,0.0,,0.0,,0.3633795380592346,,43.6376953125,,14.699239730834961,,12.001511573791504,,-11.922463417053223,,26.621702194213867,,,,,,,,,,,,,,,,,,
8,8649,,32.94921875,,0.767578125,,1.0,,0.0,,0.0,,0.34210318326950073,,44.1796875,,15.193355560302734,,11.158001899719238,,-11.068885803222656,,26.26224136352539,,,,,,,,,,,,,,,,,,
8,8699,,29.775390625,,0.81640625,,1.0,,0.0,,0.0,,0.3339427411556244,,42.59765625,,14.18912124633789,,10.565263748168945,,-10.440305709838867,,24.629426956176758,,,,,,,,,,,,,,,,,,
8,8749,,32.8955078125,,0.763671875,,1.0,,0.0,,0.0,,0.3563185930252075,,43.7451171875,,14.2067289352417,,11.771568298339844,,-11.691097259521484,,25.8978271484375,,,,,,,,,,,,,,,,,,
8,8799,,32.646484375,,0.7783203125,,1.0,,0.0,,0.0,,0.34813761711120605,,43.7353515625,,15.043060302734375,,11.352461814880371,,-11.258185386657715,,26.301246643066406,,,,,,,,,,,,,,,,,,
8,8849,,32.0263671875,,0.7822265625,,1.0,,0.0,,0.0,,0.34239739179611206,,43.134765625,,14.616674423217773,,11.191582679748535,,-11.106260299682617,,25.72293472290039,,,,,,,,,,,,,,,,,,
8,8899,,31.73828125,,0.7890625,,1.0,,0.0,,0.0,,0.3432238698005676,,42.958984375,,14.472479820251465,,11.247705459594727,,-11.160675048828125,,25.633155822753906,,,,,,,,,,,,,,,,,,
8,8949,,33.4326171875,,0.765625,,1.0,,0.0,,0.0,,0.35936009883880615,,44.4091796875,,15.029366493225098,,11.711384773254395,,-11.619056701660156,,26.648422241210938,,,,,,,,,,,,,,,,,,
8,8999,,32.3828125,,0.783203125,,1.0,,0.0,,0.0,,0.3444802761077881,,43.33984375,,14.970240592956543,,11.290787696838379,,-11.19581413269043,,26.166053771972656,,,,,,,,,,,,,,,,,,
8,8999,,,,,,,,,,,,,,,,,,,,,,,25.320011138916016,0.89610356092453,1.0,9000.0,0.0,0.0,9.0,0.2961663007736206,12.103612899780273,363.3688049316406,0.9285714030265808,38.52761459350586,998504.0,0.644679844379425,13.34469223022461,9.305156707763672,-9.175318717956543,22.519987106323242
8,8999,32.37995910644531,,0.7804619073867798,,1.0,,0.0,,0.0,,0.34889909625053406,,43.59634017944336,,14.709981918334961,,11.390869140625,,-11.300082206726074,,26.010068893432617,,,,,,,,,,,,,,,,,,,
9,9049,,32.3095703125,,0.7841796875,,1.0,,0.0,,0.0,,0.3424716591835022,,43.2666015625,,14.73721694946289,,11.297235488891602,,-11.214975357055664,,25.952192306518555,,,,,,,,,,,,,,,,,,
9,9099,,31.5966796875,,0.7900390625,,1.0,,0.0,,0.0,,0.32305094599723816,,43.18359375,,14.8528470993042,,10.74716567993164,,-10.672696113586426,,25.525543212890625,,,,,,,,,,,,,,,,,,
9,9149,,32.578125,,0.78515625,,1.0,,0.0,,0.0,,0.34656664729118347,,43.583984375,,14.754931449890137,,11.48830509185791,,-11.41254997253418,,26.16748046875,,,,,,,,,,,,,,,,,,
9,9199,,32.529296875,,0.7841796875,,1.0,,0.0,,0.0,,0.3621106445789337,,43.359375,,14.609603881835938,,11.750261306762695,,-11.650901794433594,,26.2605037689209,,,,,,,,,,,,,,,,,,
9,9249,,33.1494140625,,0.759765625,,1.0,,0.0,,0.0,,0.3570519983768463,,43.6865234375,,14.695343971252441,,11.692100524902344,,-11.604652404785156,,26.29999542236328,,,,,,,,,,,,,,,,,,
9,9299,,31.5478515625,,0.79296875,,1.0,,0.0,,0.0,,0.34784889221191406,,43.271484375,,14.429718971252441,,11.280237197875977,,-11.173114776611328,,25.602834701538086,,,,,,,,,,,,,,,,,,
9,9349,,30.9130859375,,0.8046875,,1.0,,0.0,,0.0,,0.32724320888519287,,43.0322265625,,14.49572467803955,,10.831863403320312,,-10.755719184875488,,25.251445770263672,,,,,,,,,,,,,,,,,,
9,9399,,31.142578125,,0.7900390625,,1.0,,0.0,,0.0,,0.3337453305721283,,43.8916015625,,14.190634727478027,,10.984155654907227,,-10.904932975769043,,25.09556770324707,,,,,,,,,,,,,,,,,,
9,9449,,31.8896484375,,0.8056640625,,1.0,,0.0,,0.0,,0.32907333970069885,,43.7353515625,,15.241592407226562,,10.93893814086914,,-10.866071701049805,,26.107666015625,,,,,,,,,,,,,,,,,,
9,9499,,32.5390625,,0.78125,,1.0,,0.0,,0.0,,0.35722774267196655,,43.0712890625,,14.690929412841797,,11.587538719177246,,-11.491192817687988,,26.18212127685547,,,,,,,,,,,,,,,,,,
9,9549,,33.3056640625,,0.7607421875,,1.0,,0.0,,0.0,,0.3568083941936493,,43.8818359375,,14.793902397155762,,11.709074020385742,,-11.625402450561523,,26.4193058013916,,,,,,,,,,,,,,,,,,
9,9599,,32.0703125,,0.78125,,1.0,,0.0,,0.0,,0.3453647792339325,,44.0869140625,,14.61074447631836,,11.28371810913086,,-11.198029518127441,,25.808774948120117,,,,,,,,,,,,,,,,,,
9,9649,,33.251953125,,0.775390625,,1.0,,0.0,,0.0,,0.34595921635627747,,44.3896484375,,15.330399513244629,,11.458608627319336,,-11.381250381469727,,26.711650848388672,,,,,,,,,,,,,,,,,,
9,9699,,32.880859375,,0.759765625,,1.0,,0.0,,0.0,,0.35477304458618164,,43.4375,,14.46335220336914,,11.507351875305176,,-11.40997314453125,,25.87332534790039,,,,,,,,,,,,,,,,,,
9,9749,,32.7685546875,,0.78125,,1.0,,0.0,,0.0,,0.35678035020828247,,43.984375,,14.785346984863281,,11.655400276184082,,-11.564706802368164,,26.350055694580078,,,,,,,,,,,,,,,,,,
9,9799,,31.8603515625,,0.77734375,,1.0,,0.0,,0.0,,0.3310925364494324,,43.359375,,14.66209888458252,,10.93624496459961,,-10.853641510009766,,25.5157413482666,,,,,,,,,,,,,,,,,,
9,9849,,31.3232421875,,0.7802734375,,1.0,,0.0,,0.0,,0.3378008008003235,,42.8955078125,,14.054705619812012,,10.995729446411133,,-10.900993347167969,,24.955699920654297,,,,,,,,,,,,,,,,,,
9,9899,,32.6318359375,,0.765625,,1.0,,0.0,,0.0,,0.3611880838871002,,43.1884765625,,14.089675903320312,,11.712812423706055,,-11.615416526794434,,25.705093383789062,,,,,,,,,,,,,,,,,,
9,9949,,31.6259765625,,0.78515625,,1.0,,0.0,,0.0,,0.3303782045841217,,43.3984375,,14.562501907348633,,10.833513259887695,,-10.749359130859375,,25.311861038208008,,,,,,,,,,,,,,,,,,
9,9999,,32.1484375,,0.779296875,,1.0,,0.0,,0.0,,0.3532944917678833,,43.271484375,,14.514724731445312,,11.307409286499023,,-11.201210021972656,,25.71593475341797,,,,,,,,,,,,,,,,,,
9,9999,,,,,,,,,,,,,,,,,,,,,,,25.320011138916016,0.89610356092453,1.0,10000.0,0.0,0.0,10.0,0.2949620485305786,12.095575332641602,363.192626953125,0.8571428656578064,38.52761459350586,998504.0,0.6445966958999634,13.350327491760254,9.29787540435791,-9.170418739318848,22.5207462310791
9,9999,32.44472885131836,,0.7793740034103394,,1.0,,0.0,,0.0,,0.3483656644821167,,43.60639953613281,,14.752079010009766,,11.382450103759766,,-11.292191505432129,,26.04427719116211,,,,,,,,,,,,,,,,,,,
10,10049,,33.1884765625,,0.77734375,,1.0,,0.0,,0.0,,0.3602621257305145,,43.6962890625,,14.823283195495605,,11.913162231445312,,-11.839771270751953,,26.663053512573242,,,,,,,,,,,,,,,,,,
10,10099,,32.6025390625,,0.783203125,,1.0,,0.0,,0.0,,0.3485342860221863,,43.6474609375,,14.926156997680664,,11.497730255126953,,-11.415204048156738,,26.34136199951172,,,,,,,,,,,,,,,,,,
10,10149,,31.15234375,,0.8046875,,1.0,,0.0,,0.0,,0.3525274395942688,,42.998046875,,14.38282299041748,,11.259635925292969,,-11.13821029663086,,25.521032333374023,,,,,,,,,,,,,,,,,,
10,10199,,30.9765625,,0.7978515625,,1.0,,0.0,,0.0,,0.32609671354293823,,42.783203125,,14.537537574768066,,10.71816635131836,,-10.637283325195312,,25.174819946289062,,,,,,,,,,,,,,,,,,
10,10249,,32.0751953125,,0.7880859375,,1.0,,0.0,,0.0,,0.3288242220878601,,43.6962890625,,14.754598617553711,,11.003259658813477,,-10.93859577178955,,25.693195343017578,,,,,,,,,,,,,,,,,,
10,10299,,32.8076171875,,0.7685546875,,1.0,,0.0,,0.0,,0.3539978861808777,,43.603515625,,14.709778785705566,,11.5089111328125,,-11.414434432983398,,26.12421417236328,,,,,,,,,,,,,,,,,,
10,10349,,32.28515625,,0.7783203125,,1.0,,0.0,,0.0,,0.3488858640193939,,43.0615234375,,14.614677429199219,,11.397786140441895,,-11.312403678894043,,25.927082061767578,,,,,,,,,,,,,,,,,,
10,10399,,32.16796875,,0.7880859375,,1.0,,0.0,,0.0,,0.35415560007095337,,43.3740234375,,14.623167991638184,,11.397027015686035,,-11.296414375305176,,25.91958236694336,,,,,,,,,,,,,,,,,,
10,10449,,32.177734375,,0.7900390625,,1.0,,0.0,,0.0,,0.34591996669769287,,42.8515625,,15.017372131347656,,11.097841262817383,,-10.987834930419922,,26.005207061767578,,,,,,,,,,,,,,,,,,
10,10499,,32.6611328125,,0.77734375,,1.0,,0.0,,0.0,,0.3521157205104828,,43.984375,,14.762622833251953,,11.616809844970703,,-11.530850410461426,,26.293472290039062,,,,,,,,,,,,,,,,,,
10,10549,,32.9541015625,,0.765625,,1.0,,0.0,,0.0,,0.346729576587677,,43.7841796875,,14.981197357177734,,11.184734344482422,,-11.08590316772461,,26.067100524902344,,,,,,,,,,,,,,,,,,
10,10599,,32.822265625,,0.7783203125,,1.0,,0.0,,0.0,,0.3599075973033905,,44.0966796875,,14.467727661132812,,11.895425796508789,,-11.817486763000488,,26.285213470458984,,,,,,,,,,,,,,,,,,
10,10649,,32.6123046875,,0.7705078125,,1.0,,0.0,,0.0,,0.3453671932220459,,43.4619140625,,14.590832710266113,,11.484087944030762,,-11.408312797546387,,25.9991455078125,,,,,,,,,,,,,,,,,,
10,10699,,35.1416015625,,0.7421875,,1.0,,0.0,,0.0,,0.3652842342853546,,44.5263671875,,15.624288558959961,,11.944121360778809,,-11.853878021240234,,27.478164672851562,,,,,,,,,,,,,,,,,,
10,10749,,32.3583984375,,0.7880859375,,1.0,,0.0,,0.0,,0.34919238090515137,,43.7451171875,,14.878929138183594,,11.363923072814941,,-11.27133560180664,,26.150264739990234,,,,,,,,,,,,,,,,,,
10,10799,,32.51953125,,0.7705078125,,1.0,,0.0,,0.0,,0.3433784246444702,,43.623046875,,14.396120071411133,,11.382343292236328,,-11.305950164794922,,25.702070236206055,,,,,,,,,,,,,,,,,,
10,10849,,31.8701171875,,0.7890625,,1.0,,0.0,,0.0,,0.34342160820961,,43.1884765625,,14.795042037963867,,11.162229537963867,,-11.068883895874023,,25.86392593383789,,,,,,,,,,,,,,,,,,
10,10899,,33.6181640625,,0.751953125,,1.0,,0.0,,0.0,,0.35039985179901123,,44.2333984375,,15.285033226013184,,11.433088302612305,,-11.343090057373047,,26.628124237060547,,,,,,,,,,,,,,,,,,
10,10949,,32.51953125,,0.7802734375,,1.0,,0.0,,0.0,,0.3526846170425415,,43.5498046875,,14.770808219909668,,11.395380020141602,,-11.286150932312012,,26.05695915222168,,,,,,,,,,,,,,,,,,
10,10999,,31.9189453125,,0.7900390625,,1.0,,0.0,,0.0,,0.33177489042282104,,43.6865234375,,15.093191146850586,,10.89825439453125,,-10.812695503234863,,25.905887603759766,,,,,,,,,,,,,,,,,,
10,10999,,,,,,,,,,,,,,,,,,,,,,,25.320011138916016,0.89610356092453,1.0,11000.0,0.0,0.0,11.0,0.29486238956451416,12.014433860778809,360.55535888671875,0.8571428656578064,38.52761459350586,998504.0,0.6458041071891785,13.439648628234863,9.217755317687988,-9.08193302154541,22.521591186523438
10,10999,32.36974334716797,,0.7806748151779175,,1.0,,0.0,,0.0,,0.3463493287563324,,43.602176666259766,,14.778133392333984,,11.322400093078613,,-11.232414245605469,,26.010540008544922,,,,,,,,,,,,,,,,,,,
11,11049,,32.08984375,,0.7890625,,1.0,,0.0,,0.0,,0.33926117420196533,,43.1103515625,,15.004615783691406,,10.998921394348145,,-10.90029525756836,,25.904911041259766,,,,,,,,,,,,,,,,,,
11,11099,,32.3291015625,,0.7861328125,,1.0,,0.0,,0.0,,0.338958740234375,,43.515625,,14.934610366821289,,11.123106002807617,,-11.0313081741333,,25.965917587280273,,,,,,,,,,,,,,,,,,
11,11149,,31.455078125,,0.7900390625,,1.0,,0.0,,0.0,,0.35070011019706726,,42.9443359375,,14.233409881591797,,11.3331298828125,,-11.224552154541016,,25.457962036132812,,,,,,,,,,,,,,,,,,
11,11199,,32.431640625,,0.7822265625,,1.0,,0.0,,0.0,,0.354593425989151,,42.8564453125,,14.62980842590332,,11.58303165435791,,-11.494644165039062,,26.12445068359375,,,,,,,,,,,,,,,,,,
11,11249,,32.1044921875,,0.8017578125,,1.0,,0.0,,0.0,,0.3342810869216919,,43.896484375,,15.205462455749512,,11.20334529876709,,-11.142949104309082,,26.348411560058594,,,,,,,,,,,,,,,,,,
11,11299,,31.7626953125,,0.791015625,,1.0,,0.0,,0.0,,0.3519996404647827,,43.271484375,,14.544107437133789,,11.31255054473877,,-11.204057693481445,,25.748165130615234,,,,,,,,,,,,,,,,,,
11,11349,,31.6357421875,,0.7919921875,,1.0,,0.0,,0.0,,0.33280861377716064,,43.6083984375,,14.791723251342773,,11.0023193359375,,-10.919601440429688,,25.71132469177246,,,,,,,,,,,,,,,,,,
11,11399,,32.71484375,,0.7841796875,,1.0,,0.0,,0.0,,0.3594173789024353,,44.0185546875,,14.80433177947998,,11.714544296264648,,-11.624231338500977,,26.428564071655273,,,,,,,,,,,,,,,,,,
11,11449,,33.408203125,,0.7568359375,,1.0,,0.0,,0.0,,0.36497336626052856,,44.1845703125,,14.610254287719727,,11.821640968322754,,-11.710420608520508,,26.320674896240234,,,,,,,,,,,,,,,,,,
11,11499,,32.1142578125,,0.7841796875,,1.0,,0.0,,0.0,,0.34749194979667664,,44.2822265625,,14.772321701049805,,11.203125953674316,,-11.090764999389648,,25.863088607788086,,,,,,,,,,,,,,,,,,
11,11549,,32.158203125,,0.7958984375,,1.0,,0.0,,0.0,,0.35603851079940796,,43.544921875,,14.41296672821045,,11.822769165039062,,-11.75377082824707,,26.166738510131836,,,,,,,,,,,,,,,,,,
11,11599,,31.6748046875,,0.7861328125,,1.0,,0.0,,0.0,,0.33525940775871277,,43.1591796875,,14.63888931274414,,10.977062225341797,,-10.88224983215332,,25.521137237548828,,,,,,,,,,,,,,,,,,
11,11649,,32.48046875,,0.78125,,1.0,,0.0,,0.0,,0.3492980897426605,,43.5009765625,,14.764814376831055,,11.49306869506836,,-11.416821479797363,,26.181636810302734,,,,,,,,,,,,,,,,,,
11,11699,,32.001953125,,0.7763671875,,1.0,,0.0,,0.0,,0.3393669128417969,,43.7060546875,,14.66370964050293,,11.03940200805664,,-10.945758819580078,,25.609466552734375,,,,,,,,,,,,,,,,,,
11,11749,,32.65625,,0.78125,,1.0,,0.0,,0.0,,0.3451694846153259,,43.6865234375,,15.057327270507812,,11.384563446044922,,-11.305706024169922,,26.363033294677734,,,,,,,,,,,,,,,,,,
11,11799,,32.421875,,0.7822265625,,1.0,,0.0,,0.0,,0.35118961334228516,,43.193359375,,14.522886276245117,,11.575282096862793,,-11.489072799682617,,26.011959075927734,,,,,,,,,,,,,,,,,,
11,11849,,32.1533203125,,0.7822265625,,1.0,,0.0,,0.0,,0.34391260147094727,,43.3642578125,,14.536252975463867,,11.277408599853516,,-11.194169998168945,,25.730422973632812,,,,,,,,,,,,,,,,,,
11,11899,,32.4267578125,,0.7783203125,,1.0,,0.0,,0.0,,0.35280537605285645,,43.3984375,,14.642830848693848,,11.449882507324219,,-11.349320411682129,,25.99215316772461,,,,,,,,,,,,,,,,,,
11,11949,,32.6611328125,,0.7587890625,,1.0,,0.0,,0.0,,0.34608471393585205,,43.6181640625,,14.773761749267578,,11.195655822753906,,-11.094999313354492,,25.868759155273438,,,,,,,,,,,,,,,,,,
11,11999,,32.5732421875,,0.779296875,,1.0,,0.0,,0.0,,0.3299562335014343,,44.04296875,,15.184925079345703,,10.974040985107422,,-10.903364181518555,,26.088289260864258,,,,,,,,,,,,,,,,,,
11,11999,,,,,,,,,,,,,,,,,,,,,,,25.320011138916016,0.89610356092453,1.0,12000.0,0.0,0.0,12.0,0.29399824142456055,12.029189109802246,361.0479736328125,0.9285714030265808,38.52761459350586,998504.0,0.645544171333313,13.420485496520996,9.233010292053223,-9.101299285888672,22.52178382873535
11,11999,32.38039779663086,,0.7803134918212891,,1.0,,0.0,,0.0,,0.34594404697418213,,43.5944938659668,,14.791358947753906,,11.315293312072754,,-11.225817680358887,,26.017196655273438,,,,,,,,,,,,,,,,,,,
